intersect_bp,f_orig_query,f_match,f_unique_to_query,f_unique_weighted,average_abund,median_abund,std_abund,filename,name,md5,f_match_orig,unique_intersect_bp,gather_result_rank,remaining_bp,query_filename,query_name,query_md5,query_bp,ksize,moltype,scaled,query_n_hashes,query_abundance,query_containment_ani,match_containment_ani,average_containment_ani,max_containment_ani,potential_false_negative,n_unique_weighted_found,sum_weighted_found,total_weighted_hashes,lineage
6889000,0.011513135904806472,0.2042698295033358,0.011513135904806472,0.0009285457668501118,1.8098417767455364,1.0,3.8917880634979936,/Users/emilycpweiss/Downloads/genbank-2022-4/signatures/d8d79dd301038304f2ca0195a8bfc03c.sig.gz,"GCA_017657125.1 Scopulariopsis brevicaulis strain=MRI360, ASM1765712v1",d8d79dd301038304f2ca0195a8bfc03c,0.2042698295033358,6889000,0,82560000,/Users/emilycpweiss/medaka/rawsr/wh4mon_2.fq.gz,whi4sr,ec875fc4,598360000,31,DNA,1000,598360,True,0.8658803002584595,0.950054508902603,0.9079674045805313,0.950054508902603,False,12468,12468,13427448,Eukaryota;Ascomycota;Sordariomycetes;Microascales;Microascaceae;Scopulariopsis;Scopulariopsis brevicaulis
3976000,0.006644829199812821,0.9430740037950665,0.006644829199812821,0.025712853254021166,86.83551307847083,98.0,60.40717896085183,/Users/emilycpweiss/Downloads/genbank-2022.03-bacteria-k31.zip.download/genbank-2022.03-bacteria-k31.zip,"GCA_002332325.1 Brevibacterium aurantiacum strain=962_8, ASM233232v1",d8a219e9bfe24ee158b9fc63b6e36183,0.9430740037950665,3976000,1,78584000,/Users/emilycpweiss/medaka/rawsr/wh4mon_2.fq.gz,whi4sr,ec875fc4,598360000,31,DNA,1000,598360,True,0.850662998601023,0.9981111241612179,0.9243870613811205,0.9981111241612179,False,345258,357726,13427448,Bacteria;Actinobacteria;Actinomycetia;Micrococcales;Brevibacteriaceae;Brevibacterium;Brevibacterium aurantiacum
3601000,0.006018116184236914,0.9920110192837466,0.006018116184236914,0.2868921927681269,1069.7667314634823,1000.0,1449.6405351723515,/Users/emilycpweiss/Downloads/genbank-2022.03-bacteria-k31.zip.download/genbank-2022.03-bacteria-k31.zip,"GCA_002332255.1 Halomonas sp. JB37 strain=JB37, ASM233225v1",06e28457623bdc54792800ffb24c2265,0.9920110192837466,3601000,2,74983000,/Users/emilycpweiss/medaka/rawsr/wh4mon_2.fq.gz,whi4sr,ec875fc4,598360000,31,DNA,1000,598360,True,0.8479489285238092,0.9997412894839186,0.923845109003864,0.9997412894839186,False,3852230,4209956,13427448,Bacteria;Proteobacteria;Gammaproteobacteria;Oceanospirillales;Halomonadaceae;Halomonas;Halomonas sp. JB37
3595000,0.006008088775987699,0.8588150979455327,0.006008088775987699,0.0020720988828256868,7.739360222531293,3.0,29.81047589398753,/Users/emilycpweiss/Downloads/genbank-2022.03-bacteria-k31.zip.download/genbank-2022.03-bacteria-k31.zip,"GCA_003335355.1 Brachybacterium alimentarium strain=738_10, ASM333535v1",7997f3b790f1efc154152b58762ff881,0.8588150979455327,3595000,3,71388000,/Users/emilycpweiss/medaka/rawsr/wh4mon_2.fq.gz,whi4sr,ec875fc4,598360000,31,DNA,1000,598360,True,0.847903315746903,0.9951023029318058,0.9215028093393545,0.9951023029318058,False,27823,4237779,13427448,Bacteria;Actinobacteria;Actinomycetia;Micrococcales;Dermabacteraceae;Brachybacterium;Brachybacterium alimentarium
2880000,0.004813155959622969,0.9633120161561763,0.004783073734875326,0.013031441268661029,61.138714185884,61.0,32.11454174075662,/Users/emilycpweiss/Downloads/genbank-2022.03-bacteria-k31.zip.download/genbank-2022.03-bacteria-k31.zip,"GCA_900163675.1 Corynebacterium sp. JB4 strain=JB4, ASM90016367v1",d9509d286d2ed617e208220d855afb7d,0.9693705822955234,2862000,4,68526000,/Users/emilycpweiss/medaka/rawsr/wh4mon_2.fq.gz,whi4sr,ec875fc4,598360000,31,DNA,1000,598360,True,0.8418596128649319,0.9989970097077162,0.9204283112863241,0.9989970097077162,False,174979,4412758,13427448,Bacteria;Actinobacteria;Actinomycetia;Corynebacteriales;Corynebacteriaceae;Corynebacterium;Corynebacterium casei
3023000,0.005052142522895916,0.6365663322185061,0.004771375091917909,0.0016140818419106892,7.591243432574431,4.0,26.702879549071,/Users/emilycpweiss/Downloads/genbank-2022.03-bacteria-k31.zip.download/genbank-2022.03-bacteria-k31.zip,"GCA_014897585.1 Brachybacterium tyrofermentans strain=FME25, ASM1489758v1",484a112af99cb08baf26233e71e30bc9,0.6740245261984392,2855000,5,65671000,/Users/emilycpweiss/medaka/rawsr/wh4mon_2.fq.gz,whi4sr,ec875fc4,598360000,31,DNA,1000,598360,True,0.8431766429582804,0.9873551815986849,0.9152659122784826,0.9873551815986849,False,21673,4434431,13427448,Bacteria;Actinobacteria;Actinomycetia;Micrococcales;Dermabacteraceae;Brachybacterium;Brachybacterium tyrofermentans
2840000,0.004746306571294873,0.9549276824756139,0.0047446353365866705,0.012875566526118739,60.896794646002114,64.0,65.68355929413974,/Users/emilycpweiss/Downloads/genbank-2022.03-bacteria-k31.zip.download/genbank-2022.03-bacteria-k31.zip,"GCA_001747815.1 Staphylococcus equorum strain=947_12, ASM174781v1",a83fba77e90466c05a72db2c486456ed,0.955264043054154,2839000,6,62832000,/Users/emilycpweiss/medaka/rawsr/wh4mon_2.fq.gz,whi4sr,ec875fc4,598360000,31,DNA,1000,598360,True,0.8414798774933445,0.9985247185944851,0.9200022980439149,0.9985247185944851,False,172886,4607317,13427448,Bacteria;Firmicutes;Bacilli;Bacillales;Staphylococcaceae;Staphylococcus;Staphylococcus equorum
2692000,0.004498963834480915,0.7294117647058823,0.004455511732067652,0.005219160036963092,26.28657164291073,24.0,23.78224749783582,/Users/emilycpweiss/Downloads/genbank-2022.03-bacteria-k31.zip.download/genbank-2022.03-bacteria-k31.zip,"GCA_900163665.1 Frigoribacterium sp. JB110 strain=JB110, ASM90016366v1",c915de6a3508d3b405f8903171a1c8a4,0.7365253077975377,2666000,7,60166000,/Users/emilycpweiss/medaka/rawsr/wh4mon_2.fq.gz,whi4sr,ec875fc4,598360000,31,DNA,1000,598360,True,0.8400283662970759,0.9901836054990905,0.9151059858980832,0.9901836054990905,False,70080,4677397,13427448,Bacteria;Actinobacteria;Actinomycetia;Micrococcales;Microbacteriaceae;Frigoribacterium;Frigoribacterium sp. JB110
2670000,0.004462196670900461,0.5062632491809598,0.004390333578447757,0.009467249472870793,48.390178911305675,2.0,185.96337408324464,/Users/emilycpweiss/Downloads/genbank-2022.03-bacteria-k31.zip.download/genbank-2022.03-bacteria-k31.zip,"GCA_021021315.1 Halomonas sp. IOP_14 strain=IOP_14, ASM2102131v1",955a12a17be1210790e033a3c3df3534,0.514550009635768,2627000,8,57539000,/Users/emilycpweiss/medaka/rawsr/wh4mon_2.fq.gz,whi4sr,ec875fc4,598360000,31,DNA,1000,598360,True,0.8398060337300063,0.9787938064841629,0.9092999201070846,0.9787938064841629,False,127121,4804518,13427448,Bacteria;Proteobacteria;Gammaproteobacteria;Oceanospirillales;Halomonadaceae;Halomonas;Halomonas sp. IOP_14
2457000,0.004106223678053346,0.8473011363636364,0.003987566013770974,0.01145124524034649,64.44300083822297,68.0,49.66090694067275,/Users/emilycpweiss/Downloads/genbank-2022.03-bacteria-k31.zip.download/genbank-2022.03-bacteria-k31.zip,"GCA_900163565.1 Agrococcus casei LMG 22410 strain=LMG 22410, ASM90016356v1",456c5de009522e30c1c79992148dcbab,0.8725142045454546,2386000,9,55153000,/Users/emilycpweiss/medaka/rawsr/wh4mon_2.fq.gz,whi4sr,ec875fc4,598360000,31,DNA,1000,598360,True,0.8375568165169902,0.9956104255407799,0.9165836210288851,0.9956104255407799,False,153761,4958279,13427448,Bacteria;Actinobacteria;Actinomycetia;Micrococcales;Microbacteriaceae;Agrococcus;Agrococcus casei;Agrococcus casei LMG 22410
2354000,0.0039340865031084965,0.7614247311827957,0.0037870178487866835,0.0038911340412563877,23.057369814651366,22.0,11.875355560693453,/Users/emilycpweiss/Downloads/genbank-2022.03-bacteria-k31.zip.download/genbank-2022.03-bacteria-k31.zip,"GCA_000422745.1 Microbacterium gubbeenense DSM 15944 strain=DSM 15944, ASM42274v1",71ff61533e9b0bef303fd06e434b9c67,0.790994623655914,2266000,10,52887000,/Users/emilycpweiss/medaka/rawsr/wh4mon_2.fq.gz,whi4sr,ec875fc4,598360000,31,DNA,1000,598360,True,0.8364005688490335,0.9924651718943197,0.9144328703716766,0.9924651718943197,False,52248,5010527,13427448,Bacteria;Actinobacteria;Actinomycetia;Micrococcales;Microbacteriaceae;Microbacterium;Microbacterium gubbeenense;Microbacterium gubbeenense DSM 15944
2337000,0.0039056755130690555,0.5704868154158215,0.003760278093455445,0.0006428622922241069,3.8364444444444445,2.0,9.374191794627905,/Users/emilycpweiss/Downloads/genbank-2022.03-bacteria-k31.zip.download/genbank-2022.03-bacteria-k31.zip,"GCA_004745075.1 Brevibacterium sp. S111 strain=S111, ASM474507v1",3c41caea215bbb8561eb3f1ff5a3c59d,0.5925456389452333,2250000,11,50637000,/Users/emilycpweiss/medaka/rawsr/wh4mon_2.fq.gz,whi4sr,ec875fc4,598360000,31,DNA,1000,598360,True,0.836205037119437,0.9832601661151407,0.9097326016172889,0.9832601661151407,False,8632,5019159,13427448,Bacteria;Actinobacteria;Actinomycetia;Micrococcales;Brevibacteriaceae;Brevibacterium;Brevibacterium sp. S111
2239000,0.0037418945116652184,0.5830178474851271,0.0036031820308844173,0.0008752966311990186,5.451298701298701,2.0,26.213674276846344,/Users/emilycpweiss/Downloads/genbank-2022.03-bacteria-k31.zip.download/genbank-2022.03-bacteria-k31.zip,"GCA_900169375.1 Brevibacterium sp. Mu109 strain=Mu109, Assembly_BSP109",eeb6fa92d0757a4b0b2ddf601bc4cafa,0.6054624121146566,2156000,12,48481000,/Users/emilycpweiss/medaka/rawsr/wh4mon_2.fq.gz,whi4sr,ec875fc4,598360000,31,DNA,1000,598360,True,0.8350502883436279,0.983944391112227,0.9094973397279275,0.983944391112227,False,11753,5030912,13427448,Bacteria;Actinobacteria;Actinomycetia;Micrococcales;Brevibacteriaceae;Brevibacterium;Brevibacterium sp. Mu109
2077000,0.0034711544889364262,0.9584487534626038,0.0034694832542282237,0.010630612756794888,68.75818882466281,86.0,48.1854888392476,/Users/emilycpweiss/Downloads/genbank-2022.03-bacteria-k31.zip.download/genbank-2022.03-bacteria-k31.zip,"GCA_003521095.1 Aerococcaceae bacterium, ASM352109v1",540cb4aba67cd57816ccb19ed4d6affb,0.958910433979686,2076000,13,46405000,/Users/emilycpweiss/medaka/rawsr/wh4mon_2.fq.gz,whi4sr,ec875fc4,598360000,31,DNA,1000,598360,True,0.8330296313221466,0.99864744444229,0.9158385378822183,0.99864744444229,False,142742,5173654,13427448,Bacteria;Firmicutes;Bacilli;Lactobacillales;Aerococcaceae;unassigned;Aerococcaceae bacterium
1968000,0.0032889899057423626,0.930430667297681,0.0032856474363259576,0.0033348853780703525,22.776703967446593,19.0,43.083461155626495,/Users/emilycpweiss/Downloads/genbank-2022.03-bacteria-k31.zip.download/genbank-2022.03-bacteria-k31.zip,"GCA_900109085.1 Alkalibacterium gilvum strain=DSM 25751, IMG-taxon 2616644817 annotated assembly",a839f934bff1f98f912878fb53519420,0.9313771888310459,1966000,14,44439000,/Users/emilycpweiss/medaka/rawsr/wh4mon_2.fq.gz,whi4sr,ec875fc4,598360000,31,DNA,1000,598360,True,0.8315823121116525,0.997709371373784,0.9146458417427182,0.997709371373784,False,44779,5218433,13427448,Bacteria;Firmicutes;Bacilli;Lactobacillales;Carnobacteriaceae;Alkalibacterium;Alkalibacterium gilvum
1966000,0.0032856474363259576,0.7542242703533026,0.0032823049669095526,0.0021415089449610975,14.641038696537679,15.0,7.183793577454187,/Users/emilycpweiss/Downloads/genbank-2022.03-bacteria-k31.zip.download/genbank-2022.03-bacteria-k31.zip,"GCA_003123745.1 Ancrocorticia populi strain=sk1b4, ASM312374v1",359b191ade0119fdd292578a15423530,0.7549923195084486,1964000,15,42475000,/Users/emilycpweiss/medaka/rawsr/wh4mon_2.fq.gz,whi4sr,ec875fc4,598360000,31,DNA,1000,598360,True,0.8315550372786412,0.9909749178387394,0.9112649775586903,0.9909749178387394,False,28755,5247188,13427448,Bacteria;Actinobacteria;Actinomycetia;Actinomycetales;Actinomycetaceae;Ancrocorticia;Ancrocorticia populi
1994000,0.003332442008155625,0.46148342475554494,0.0032338391603716826,0.012887407942298491,89.42894056847545,38.0,250.17244902843075,/Users/emilycpweiss/Downloads/genbank-2022.03-bacteria-k31.zip.download/genbank-2022.03-bacteria-k31.zip,"GCA_014897885.1 Halomonas sp. 3D7M strain=3D7M, ASM1489788v1",747843a67e0091629f5eb72e9e05f198,0.4755544955878846,1935000,16,40540000,/Users/emilycpweiss/medaka/rawsr/wh4mon_2.fq.gz,whi4sr,ec875fc4,598360000,31,DNA,1000,598360,True,0.831934464465675,0.9763085804114036,0.9041215224385393,0.9763085804114036,False,173045,5420233,13427448,Bacteria;Proteobacteria;Gammaproteobacteria;Oceanospirillales;Halomonadaceae;Halomonas;Halomonas sp. 3D7M
1938000,0.00323885286449629,0.7111846946284033,0.0032304966909552776,0.007348008348272881,51.04242110708743,52.0,14.158816167168586,/Users/emilycpweiss/Downloads/genbank-2022.03-bacteria-k31.zip.download/genbank-2022.03-bacteria-k31.zip,"GCA_019120175.1 Candidatus Corynebacterium faecigallinarum, ASM1912017v1",3333fea534e775767acecabbc1afa0a3,0.7130242825607064,1933000,17,38607000,/Users/emilycpweiss/medaka/rawsr/wh4mon_2.fq.gz,whi4sr,ec875fc4,598360000,31,DNA,1000,598360,True,0.8311703440925826,0.9891483472749577,0.9101593456837702,0.9891483472749577,False,98665,5518898,13427448,Bacteria;Actinobacteria;Actinomycetia;Corynebacteriales;Corynebacteriaceae;Corynebacterium;Candidatus Corynebacterium faecigallinarum
1928000,0.0032221405174142656,0.16193515874349068,0.0032221405174142656,0.00021873106490525975,1.5233402489626555,1.0,1.1051909038818473,/Users/emilycpweiss/Downloads/genbank-2022-4/signatures/a8ede917705cd4ecc3d0ec6c096a29a6.sig.gz,"GCA_000006445.2 Debaryomyces hansenii CBS767 strain=CBS767, ASM644v2",a8ede917705cd4ecc3d0ec6c096a29a6,0.16193515874349068,1928000,18,36679000,/Users/emilycpweiss/medaka/rawsr/wh4mon_2.fq.gz,whi4sr,ec875fc4,598360000,31,DNA,1000,598360,True,0.8310316489591324,0.942963485564871,0.8869975672620016,0.942963485564871,False,2937,5521835,13427448,Eukaryota;Ascomycota;Saccharomycetes;Saccharomycetales;Debaryomycetaceae;Debaryomyces;Debaryomyces hansenii;Debaryomyces hansenii CBS767
1867000,0.003120195200213918,0.6476719944405838,0.003115181496089311,0.002278914057235597,16.416309012875537,16.0,7.495382849395852,/Users/emilycpweiss/Downloads/genbank-2022.03-bacteria-k31.zip.download/genbank-2022.03-bacteria-k31.zip,"GCA_003971195.1 Flaviflexus sp. H23T48 strain=H23T48, ASM397119v1",2d1177d91597586558b77dd1a410b121,0.6487143849895761,1864000,19,34815000,/Users/emilycpweiss/medaka/rawsr/wh4mon_2.fq.gz,whi4sr,ec875fc4,598360000,31,DNA,1000,598360,True,0.8301702265976104,0.9861369016674991,0.9081535641325548,0.9861369016674991,False,30600,5552435,13427448,Bacteria;Actinobacteria;Actinomycetia;Actinomycetales;Actinomycetaceae;Flaviflexus;Flaviflexus ciconiae
1834000,0.003065044454843238,0.715009746588694,0.003065044454843238,0.00198831527778026,14.557251908396946,16.0,10.71649348335798,/Users/emilycpweiss/Downloads/genbank-2022.03-bacteria-k31.zip.download/genbank-2022.03-bacteria-k31.zip,"GCA_002810405.1 Psychroflexus sp. S27 strain=S27, ASM281040v1",f2097f113e9e4dce8e56a6a2a2613347,0.715009746588694,1834000,20,32981000,/Users/emilycpweiss/medaka/rawsr/wh4mon_2.fq.gz,whi4sr,ec875fc4,598360000,31,DNA,1000,598360,True,0.8296927886803217,0.9892370777805423,0.909464933230432,0.9892370777805423,False,26698,5579133,13427448,Bacteria;Bacteroidetes;Flavobacteriia;Flavobacteriales;Flavobacteriaceae;Psychroflexus;Psychroflexus sp. S27
1679000,0.0028060030750718633,0.6000725163161711,0.002765893442075005,0.0004957010446065402,4.021752265861028,2.0,8.80171697471455,/Users/emilycpweiss/Downloads/genbank-2022.03-bacteria-k31.zip.download/genbank-2022.03-bacteria-k31.zip,"GCA_005864315.1 Marinilactibacillus psychrotolerans strain=FAM 24235, ASM586431v1",3ca7ffbf7883ae20a021c0e17268df25,0.6087744742567077,1655000,21,31326000,/Users/emilycpweiss/medaka/rawsr/wh4mon_2.fq.gz,whi4sr,ec875fc4,598360000,31,DNA,1000,598360,True,0.8273328384559259,0.9841175613296813,0.9057251998928035,0.9841175613296813,False,6656,5585789,13427448,Bacteria;Firmicutes;Bacilli;Lactobacillales;Carnobacteriaceae;Marinilactibacillus;Marinilactibacillus psychrotolerans
1667000,0.0027859482585734343,0.45017084282460135,0.0026422220736680257,0.0005349490089255977,4.543327008222644,2.0,9.267760599382907,/Users/emilycpweiss/Downloads/genbank-2022.03-bacteria-k31.zip.download/genbank-2022.03-bacteria-k31.zip,"GCA_014400405.1 Brachybacterium sp. Z12 strain=Z12, ASM1440040v1",4dfbb0efc26bdfda989a33d5d2294e63,0.47465831435079725,1581000,22,29745000,/Users/emilycpweiss/medaka/rawsr/wh4mon_2.fq.gz,whi4sr,ec875fc4,598360000,31,DNA,1000,598360,True,0.8271414324797663,0.9762491761924549,0.9016953043361107,0.9762491761924549,False,7183,5592972,13427448,Bacteria;Actinobacteria;Actinomycetia;Micrococcales;Dermabacteraceae;Brachybacterium;Brachybacterium sp. Z12
1289000,0.0021542215388729194,0.6519979767324229,0.0021542215388729194,0.005129641909616779,53.43522110162917,56.0,17.49739736740976,/Users/emilycpweiss/Downloads/genbank-2022.03-bacteria-k31.zip.download/genbank-2022.03-bacteria-k31.zip,"GCA_012800235.1 Micrococcus sp., ASM1280023v1",3de02882e92eff58ade6119d5d059fb6,0.6519979767324229,1289000,23,28456000,/Users/emilycpweiss/medaka/rawsr/wh4mon_2.fq.gz,whi4sr,ec875fc4,598360000,31,DNA,1000,598360,True,0.8203083050669127,0.9862975253909264,0.9033029152289196,0.9862975253909264,False,68878,5661850,13427448,Bacteria;Actinobacteria;Actinomycetia;Micrococcales;Micrococcaceae;Micrococcus;Micrococcus sp.
1287000,0.0021508790694565144,0.3157507360157017,0.0021508790694565144,0.0001666735183037015,1.7389277389277389,1.0,1.1108980946747182,/Users/emilycpweiss/Downloads/genbank-2022.03-bacteria-k31.zip.download/genbank-2022.03-bacteria-k31.zip,"GCA_010591025.1 Proteus vulgaris strain=AS012427, ASM1059102v1",25e0b4308503846e5ee8699f62e78458,0.3157507360157017,1287000,24,27169000,/Users/emilycpweiss/medaka/rawsr/wh4mon_2.fq.gz,whi4sr,ec875fc4,598360000,31,DNA,1000,598360,True,0.8202672167115962,0.9634957835533532,0.8918815001324747,0.9634957835533532,False,2238,5664088,13427448,Bacteria;Proteobacteria;Gammaproteobacteria;Enterobacterales;Morganellaceae;Proteus;Proteus vulgaris
1330000,0.0022227421619092184,0.3228978007761966,0.0020857009158366203,0.022202431914091197,238.87980769230768,2.0,1062.206512999679,/Users/emilycpweiss/Downloads/genbank-2022.03-bacteria-k31.zip.download/genbank-2022.03-bacteria-k31.zip,"GCA_014898005.1 Halomonas sp. FME63 strain=FME63, ASM1489800v1",c8a1ca15bce97511a6d5361bc38b8007,0.34411384217335056,1248000,25,25921000,/Users/emilycpweiss/medaka/rawsr/wh4mon_2.fq.gz,whi4sr,ec875fc4,598360000,31,DNA,1000,598360,True,0.8211372937525514,0.9661730244749821,0.8936551591137667,0.9661730244749821,False,298122,5962210,13427448,Bacteria;Proteobacteria;Gammaproteobacteria;Oceanospirillales;Halomonadaceae;Halomonas;Halomonas sp. FME63
3803000,0.006355705595293803,0.23705843145967562,0.0017832074336519821,0.0036698708496208663,46.182755388940954,38.0,39.47981063408299,/Users/emilycpweiss/Downloads/genbank-2022.03-bacteria-k31.zip.download/genbank-2022.03-bacteria-k31.zip,"GCA_004745495.1 Brevibacterium aurantiacum strain=L261, ASM474549v1",778a4bba920235eef43054ba12c7e9c3,0.8449233503665852,1067000,26,24854000,/Users/emilycpweiss/medaka/rawsr/wh4mon_2.fq.gz,whi4sr,ec875fc4,598360000,31,DNA,1000,598360,True,0.8494431435911713,0.9945789611722154,0.9220110523816933,0.9945789611722154,False,49277,6011487,13427448,Bacteria;Actinobacteria;Actinomycetia;Micrococcales;Brevibacteriaceae;Brevibacterium;Brevibacterium aurantiacum
2006000,0.0033524968246540546,0.3550462404503418,0.0014757002473427367,0.004873450263966764,74.10872027180068,76.0,129.8010306033851,/Users/emilycpweiss/Downloads/genbank-2022.03-bacteria-k31.zip.download/genbank-2022.03-bacteria-k31.zip,"GCA_005864045.1 Facklamia tabacinasalis strain=FAM 24227, ASM586404v1",77748459730c859a2ab157e73e229d58,0.8065942903096099,883000,27,23971000,/Users/emilycpweiss/medaka/rawsr/wh4mon_2.fq.gz,whi4sr,ec875fc4,598360000,31,DNA,1000,598360,True,0.8320955001061421,0.9930906101870164,0.9125930551465793,0.9930906101870164,False,65438,6076925,13427448,Bacteria;Firmicutes;Bacilli;Lactobacillales;Aerococcaceae;Ruoffia;Ruoffia tabacinasalis
814000,0.0013603850524767699,0.22319714834110227,0.0013603850524767699,0.0006643108951157361,10.958230958230958,2.0,34.3730184571168,/Users/emilycpweiss/Downloads/genbank-2022.03-bacteria-k31.zip.download/genbank-2022.03-bacteria-k31.zip,"GCA_014861395.1 Psychrobacter sp. FME13 strain=FME13, ASM1486139v1",8b348a8db16e5276ae6db5504bd68b0d,0.22319714834110227,814000,28,23157000,/Users/emilycpweiss/medaka/rawsr/wh4mon_2.fq.gz,whi4sr,ec875fc4,598360000,31,DNA,1000,598360,True,0.8082346757562632,0.9527741291992404,0.8805044024777517,0.9527741291992404,False,8920,6085845,13427448,Bacteria;Proteobacteria;Gammaproteobacteria;Moraxellales;Moraxellaceae;Psychrobacter;Psychrobacter sp. FME13
3759000,0.0062821712681328966,0.15191777387816496,0.0010127682331706664,0.0021174537410236106,46.917491749174914,37.0,40.870032163214766,/Users/emilycpweiss/Downloads/genbank-2022.03-bacteria-k31.zip.download/genbank-2022.03-bacteria-k31.zip,"GCA_014897605.1 Brevibacterium aurantiacum strain=FME48, ASM1489760v1",0490ecda78f233d30e6c8a47c422b3c8,0.9423414389571321,606000,29,22551000,/Users/emilycpweiss/medaka/rawsr/wh4mon_2.fq.gz,whi4sr,ec875fc4,598360000,31,DNA,1000,598360,True,0.8491243261967516,0.9980861045368152,0.9236052153667834,0.9980861045368152,False,28432,6114277,13427448,Bacteria;Actinobacteria;Actinomycetia;Micrococcales;Brevibacteriaceae;Brevibacterium;Brevibacterium aurantiacum
2740000,0.004579183100474631,0.20268006700167504,0.0010110969984624641,0.002449013394056711,54.35371900826446,59.0,29.498068409439725,/Users/emilycpweiss/Downloads/genbank-2022.03-bacteria-k31.zip.download/genbank-2022.03-bacteria-k31.zip,"GCA_000294465.1 Staphylococcus sp. OJ82 strain=OJ82, ASM29446v1",35dffafc73655a20429e6a2ca69fa1c0,0.9179229480737019,605000,30,21946000,/Users/emilycpweiss/medaka/rawsr/wh4mon_2.fq.gz,whi4sr,ec875fc4,598360000,31,DNA,1000,598360,True,0.8405074140840454,0.9972411730142148,0.9188742935491301,0.9972411730142148,False,32884,6147161,13427448,Bacteria;Firmicutes;Bacilli;Bacillales;Staphylococcaceae;Staphylococcus;Staphylococcus sp. OJ82
706000,0.0011798917039909085,0.24109014675052412,0.0009609599572163915,0.00010612589972420671,2.4782608695652173,1.0,4.328967797618347,/Users/emilycpweiss/Downloads/genbank-2022.03-bacteria-k31.zip.download/genbank-2022.03-bacteria-k31.zip,"GCA_019117025.1 Candidatus Microbacterium stercoravium, ASM1911702v1",9b0609d07a3f56e3c19da664f1809ef9,0.2960167714884696,575000,31,21371000,/Users/emilycpweiss/medaka/rawsr/wh4mon_2.fq.gz,whi4sr,ec875fc4,598360000,31,DNA,1000,598360,True,0.8045319488357446,0.9614920278557708,0.8830119883457577,0.9614920278557708,False,1425,6148586,13427448,Bacteria;Actinobacteria;Actinomycetia;Micrococcales;Microbacteriaceae;Microbacterium;Candidatus Microbacterium stercoravium
1838000,0.003071729393676048,0.12489139878366638,0.0009609599572163915,0.002124901172583204,49.62086956521739,37.0,99.14582452621485,/Users/emilycpweiss/Downloads/genbank-2022.03-bacteria-k31.zip.download/genbank-2022.03-bacteria-k31.zip,"GCA_002216165.1 Halomonas sp. N3-2A strain=N3-2A, ASM221616v1",199feaf89d58f802edd06ef5fde11d9f,0.3992180712423979,575000,32,20796000,/Users/emilycpweiss/medaka/rawsr/wh4mon_2.fq.gz,whi4sr,ec875fc4,598360000,31,DNA,1000,598360,True,0.8297511007382709,0.9708135127561431,0.900282306747207,0.9708135127561431,False,28532,6177118,13427448,Bacteria;Proteobacteria;Gammaproteobacteria;Oceanospirillales;Halomonadaceae;Halomonas;Halomonas sp. N3-2A
2935000,0.004905073868574103,0.1256568425862463,0.000919179089511331,0.0001858878917274526,4.538181818181818,3.0,8.089128302494334,/Users/emilycpweiss/Downloads/genbank-2022.03-bacteria-k31.zip.download/genbank-2022.03-bacteria-k31.zip,"GCA_900163615.1 Corynebacterium xerosis strain=B Mi 98.15, ASM90016361v1",116a6f9fcbf3b20cf1c5952c632b8b16,0.6705506054375143,550000,33,20246000,/Users/emilycpweiss/medaka/rawsr/wh4mon_2.fq.gz,whi4sr,ec875fc4,598360000,31,DNA,1000,598360,True,0.8423734984261145,0.9871906151428693,0.914782056784492,0.9871906151428693,False,2496,6179614,13427448,Bacteria;Actinobacteria;Actinomycetia;Corynebacteriales;Corynebacteriaceae;Corynebacterium;Corynebacterium xerosis
2347000,0.00392238786015108,0.10491289880602858,0.0008957818035964971,0.0024227239606513466,60.69216417910448,2.0,187.38229244165382,/Users/emilycpweiss/Downloads/genbank-2022.03-bacteria-k31.zip.download/genbank-2022.03-bacteria-k31.zip,"GCA_002311575.1 Halomonas titanicae, ASM231157v1",2232622849037365565f34f725732e34,0.459385398316696,536000,34,19710000,/Users/emilycpweiss/medaka/rawsr/wh4mon_2.fq.gz,whi4sr,ec875fc4,598360000,31,DNA,1000,598360,True,0.8363202218111375,0.9752197543479224,0.90576998807953,0.9752197543479224,False,32531,6212145,13427448,Bacteria;Proteobacteria;Gammaproteobacteria;Oceanospirillales;Halomonadaceae;Halomonas;Halomonas titanicae
471000,0.0007871515475633398,0.11984732824427481,0.0007871515475633398,0.00016153479052758202,4.6050955414012735,4.0,3.4248212781180545,/Users/emilycpweiss/Downloads/genbank-2022.03-bacteria-k31.zip.download/genbank-2022.03-bacteria-k31.zip,"GCA_900129445.1 Salegentibacter echinorum strain=DSM 24579, IMG-taxon 2695420921 annotated assembly",c5ad4f0b06588915a913a92983000e9e,0.11984732824427481,471000,35,19239000,/Users/emilycpweiss/medaka/rawsr/wh4mon_2.fq.gz,whi4sr,ec875fc4,598360000,31,DNA,1000,598360,True,0.7940957105661396,0.9338526039103408,0.8639741572382402,0.9338526039103408,False,2169,6214314,13427448,Bacteria;Bacteroidetes;Flavobacteriia;Flavobacteriales;Flavobacteriaceae;Salegentibacter;Salegentibacter echinorum
3365000,0.005623704793101143,0.10945880058508045,0.0007503843839828866,0.0007813845192325452,23.36748329621381,12.0,26.674076955290484,/Users/emilycpweiss/Downloads/genbank-2022.03-bacteria-k31.zip.download/genbank-2022.03-bacteria-k31.zip,"GCA_014897505.1 Brevibacterium aurantiacum strain=FME9, ASM1489750v1",4a2931c83a5db2253f80fe4e6a733ada,0.8203315455875183,449000,36,18790000,/Users/emilycpweiss/medaka/rawsr/wh4mon_2.fq.gz,whi4sr,ec875fc4,598360000,31,DNA,1000,598360,True,0.8460968557397369,0.9936317606218952,0.919864308180816,0.9936317606218952,False,10492,6224806,13427448,Bacteria;Actinobacteria;Actinomycetia;Micrococcales;Brevibacteriaceae;Brevibacterium;Brevibacterium aurantiacum
427000,0.0007136172204024333,0.05921518628700949,0.0006985761080286116,4.9823317133680204e-05,1.6004784688995215,1.0,2.1163975352112776,/Users/emilycpweiss/Downloads/genbank-2022.03-bacteria-k31.zip.download/genbank-2022.03-bacteria-k31.zip,"GCA_900143625.1 Nocardiopsis sp. JB363 strain=JB363, ASM90014362v1",fe4ca03438a38cf73b96c41c08660106,0.06049015441280635,418000,37,18372000,/Users/emilycpweiss/medaka/rawsr/wh4mon_2.fq.gz,whi4sr,ec875fc4,598360000,31,DNA,1000,598360,True,0.7915874156417304,0.9134809738767014,0.8525341947592159,0.9134809738767014,False,669,6225475,13427448,Bacteria;Actinobacteria;Actinomycetia;Streptosporangiales;Nocardiopsaceae;Nocardiopsis;Nocardiopsis sp. JB363
3367000,0.005627047262517548,0.101238164603059,0.0006969048733204091,0.00013703274069651954,4.4124700239808154,2.0,9.068491734584562,/Users/emilycpweiss/Downloads/genbank-2022.03-bacteria-k31.zip.download/genbank-2022.03-bacteria-k31.zip,"GCA_003335305.1 Brachybacterium alimentarium strain=900_8, ASM333530v1",26d326b02f007028de143588e79bb644,0.8174314153920854,417000,38,17955000,/Users/emilycpweiss/medaka/rawsr/wh4mon_2.fq.gz,whi4sr,ec875fc4,598360000,31,DNA,1000,598360,True,0.8461130730358336,0.9935182501672661,0.9198156616015498,0.9935182501672661,False,1840,6227315,13427448,Bacteria;Actinobacteria;Actinomycetia;Micrococcales;Dermabacteraceae;Brachybacterium;Brachybacterium alimentarium
1193000,0.001993783006885487,0.16472945891783566,0.0006868774650711946,0.0005946029357179413,19.425790754257907,18.0,14.232898272353225,/Users/emilycpweiss/Downloads/genbank-2022.03-bacteria-k31.zip.download/genbank-2022.03-bacteria-k31.zip,"GCA_900107595.1 Psychroflexus halocasei strain=DSM 23581, IMG-taxon 2675903162 annotated assembly",130f9cafb9cee5c51b34b5413477042e,0.4781563126252505,411000,39,17544000,/Users/emilycpweiss/medaka/rawsr/wh4mon_2.fq.gz,whi4sr,ec875fc4,598360000,31,DNA,1000,598360,True,0.8182628518319978,0.9764804324760576,0.8973716421540276,0.9764804324760576,False,7984,6235299,13427448,Bacteria;Bacteroidetes;Flavobacteriia;Flavobacteriales;Flavobacteriaceae;Psychroflexus;Psychroflexus halocasei
1149000,0.0019202486797245805,0.08299133606931144,0.0006083294337856809,0.002381912035704774,87.86538461538461,38.0,175.2524584318021,/Users/emilycpweiss/Downloads/genbank-2022.03-bacteria-k31.zip.download/genbank-2022.03-bacteria-k31.zip,"GCA_003950215.1 Halomonas venusta strain=MA-ZP17-13, ASM395021v1",ebb076c60bd86b7ebbc27b61658f3ec9,0.26196990424076605,364000,40,17180000,/Users/emilycpweiss/medaka/rawsr/wh4mon_2.fq.gz,whi4sr,ec875fc4,598360000,31,DNA,1000,598360,True,0.8172715296558711,0.957709766271618,0.8874906479637445,0.957709766271618,False,31983,6267282,13427448,Bacteria;Proteobacteria;Gammaproteobacteria;Oceanospirillales;Halomonadaceae;Halomonas;Halomonas venusta
369000,0.000616685607326693,0.11882510013351134,0.0005949595561200615,0.00029007745924616504,10.941011235955056,2.0,119.14460764785653,/Users/emilycpweiss/Downloads/genbank-2022.03-bacteria-k31.zip.download/genbank-2022.03-bacteria-k31.zip,"GCA_900142895.1 Halomonas subglaciescola strain=ACAM 12, IMG-taxon 2698536942 annotated assembly",b73dbc72917388319b5566b31bec75f7,0.12316421895861149,356000,41,16824000,/Users/emilycpweiss/medaka/rawsr/wh4mon_2.fq.gz,whi4sr,ec875fc4,598360000,31,DNA,1000,598360,True,0.7878683806366971,0.9346753562057385,0.8612718684212177,0.9346753562057385,False,3895,6271177,13427448,Bacteria;Proteobacteria;Gammaproteobacteria;Oceanospirillales;Halomonadaceae;Halomonas;Halomonas subglaciescola
906000,0.0015141386456313925,0.07780725022104333,0.0005882746172872519,0.0006413728059121882,24.46590909090909,10.5,26.91577725206249,/Users/emilycpweiss/Downloads/genbank-2022.03-bacteria-k31.zip.download/genbank-2022.03-bacteria-k31.zip,"GCA_014897515.1 Brevibacterium sp. FME17 strain=FME17, ASM1489751v1",4d9a963be3a0800b9350fe5813b1aedd,0.2002652519893899,352000,42,16472000,/Users/emilycpweiss/medaka/rawsr/wh4mon_2.fq.gz,whi4sr,ec875fc4,598360000,31,DNA,1000,598360,True,0.8110312742914157,0.9494479222546531,0.8802395982730344,0.9494479222546531,False,8612,6279789,13427448,Bacteria;Actinobacteria;Actinomycetia;Micrococcales;Brevibacteriaceae;Brevibacterium;Brevibacterium sp. FME17
2743000,0.0045841968045992375,0.11393229166666667,0.000584932147870847,0.0007350614949318739,28.2,10.0,59.36540599180156,/Users/emilycpweiss/Downloads/genbank-2022.03-bacteria-k31.zip.download/genbank-2022.03-bacteria-k31.zip,"GCA_000234765.2 Corynebacterium casei UCMA 3821 strain=UCMA 3821, ASM23476v1",ca3f5724aa415185c915171052903267,0.8929036458333334,350000,43,16122000,/Users/emilycpweiss/medaka/rawsr/wh4mon_2.fq.gz,whi4sr,ec875fc4,598360000,31,DNA,1000,598360,True,0.8405370842904772,0.9963525840621422,0.9184448341763097,0.9963525840621422,False,9870,6289659,13427448,Bacteria;Actinobacteria;Actinomycetia;Corynebacteriales;Corynebacteriaceae;Corynebacterium;Corynebacterium casei;Corynebacterium casei UCMA 3821
3453000,0.005770773447422956,0.07608963309529672,0.0005164115248345477,0.0006649811639560995,28.89644012944984,12.0,77.96403382234398,/Users/emilycpweiss/Downloads/genbank-2022.03-bacteria-k31.zip.download/genbank-2022.03-bacteria-k31.zip,"GCA_002332365.1 Brevibacterium aurantiacum strain=738_8, ASM233236v1",c30a7700eb84b7fa65140aff3397eb8d,0.8502831814823935,309000,44,15813000,/Users/emilycpweiss/medaka/rawsr/wh4mon_2.fq.gz,whi4sr,ec875fc4,598360000,31,DNA,1000,598360,True,0.8468017419586016,0.9947818610573668,0.9207918015079841,0.9947818610573668,False,8929,6298588,13427448,Bacteria;Actinobacteria;Actinomycetia;Micrococcales;Brevibacteriaceae;Brevibacterium;Brevibacterium aurantiacum
283000,0.00047295942242128486,0.12243989314336598,0.0004595895447556655,0.0006409259600186127,31.294545454545453,32.0,13.61992415119473,/Users/emilycpweiss/Downloads/genbank-2022.03-bacteria-k31.zip.download/genbank-2022.03-bacteria-k31.zip,"GCA_014195445.1 Garicola koreensis strain=DSM 28238, ASM1419544v1",77a79810bd5c8234de5e98e667f79f41,0.12600178094390027,275000,45,15538000,/Users/emilycpweiss/medaka/rawsr/wh4mon_2.fq.gz,whi4sr,ec875fc4,598360000,31,DNA,1000,598360,True,0.7811532684645763,0.9353623677063707,0.8582578180854735,0.9353623677063707,False,8606,6307194,13427448,Bacteria;Actinobacteria;Actinomycetia;Micrococcales;Micrococcaceae;Garicola;Garicola koreensis
1666000,0.0027842770238652318,0.11314475873544093,0.00045457584063105823,8.802864103439462e-05,4.345588235294118,2.0,8.305631219124582,/Users/emilycpweiss/Downloads/genbank-2022.03-bacteria-k31.zip.download/genbank-2022.03-bacteria-k31.zip,"GCA_019650215.1 Marinilactibacillus psychrotolerans strain=B7-9-5, ASM1965021v1",c618f6420343a1d45da217acef3d6a6b,0.6930116472545758,272000,46,15266000,/Users/emilycpweiss/medaka/rawsr/wh4mon_2.fq.gz,whi4sr,ec875fc4,598360000,31,DNA,1000,598360,True,0.8271254218441488,0.9882403855868606,0.9076829037155048,0.9882403855868606,False,1182,6308376,13427448,Bacteria;Firmicutes;Bacilli;Lactobacillales;Carnobacteriaceae;Marinilactibacillus;Marinilactibacillus psychrotolerans
853000,0.0014255632060966642,0.07226666666666667,0.0004529046059228558,0.003893219322093074,192.90036900369003,2.0,419.6726817596804,/Users/emilycpweiss/Downloads/genbank-2022.03-bacteria-k31.zip.download/genbank-2022.03-bacteria-k31.zip,"GCA_019504665.1 Halomonadaceae bacterium MT32 strain=MT32, ASM1950466v1",50bf27728d2c5a14d685a31f79525121,0.22746666666666668,271000,47,14995000,/Users/emilycpweiss/medaka/rawsr/wh4mon_2.fq.gz,whi4sr,ec875fc4,598360000,31,DNA,1000,598360,True,0.8094557495212241,0.9533566751386378,0.8814062123299309,0.9533566751386378,False,52276,6360652,13427448,Bacteria;Proteobacteria;Gammaproteobacteria;Oceanospirillales;Halomonadaceae;Halomonas;Halomonas profundi
263000,0.00043953472825723647,0.09487179487179487,0.0004328497894244268,5.667495416850618e-05,2.9382239382239383,1.0,22.43334283999776,/Users/emilycpweiss/Downloads/genbank-2022.03-bacteria-k31.zip.download/genbank-2022.03-bacteria-k31.zip,"GCA_003353435.1 Idiomarina abyssalis strain=017G.2, ASM335343v1",bed4ba178834c7342c0eed93fc427d00,0.09633699633699634,259000,48,14736000,/Users/emilycpweiss/medaka/rawsr/wh4mon_2.fq.gz,whi4sr,ec875fc4,598360000,31,DNA,1000,598360,True,0.7793085802860559,0.9272975926262363,0.8533030864561462,0.9272975926262363,False,761,6361413,13427448,Bacteria;Proteobacteria;Gammaproteobacteria;Alteromonadales;Idiomarinaceae;Idiomarina;Idiomarina abyssalis
2353000,0.003932415268400294,0.04787630402384501,0.0004295073200080219,0.0010733238363686086,56.07782101167315,2.0,192.61162758275242,/Users/emilycpweiss/Downloads/genbank-2022.03-bacteria-k31.zip.download/genbank-2022.03-bacteria-k31.zip,"GCA_009728585.1 Halomonas sp. PA16-9 strain=PA16-9, ASM972858v1",19d9edb0fd8049fc3e59f39b2f6e0113,0.4383383010432191,257000,49,14479000,/Users/emilycpweiss/medaka/rawsr/wh4mon_2.fq.gz,whi4sr,ec875fc4,598360000,31,DNA,1000,598360,True,0.836389104868148,0.9737455033518808,0.9050673041100143,0.9737455033518808,False,14412,6375825,13427448,Bacteria;Proteobacteria;Gammaproteobacteria;Oceanospirillales;Halomonadaceae;Halomonas;Halomonas sp. PA16-9
282000,0.00047128818771308243,0.06741273647748468,0.00042282238117521227,0.00015982188126887552,8.482213438735178,1.0,27.509766139415888,/Users/emilycpweiss/Downloads/genbank-2022.03-bacteria-k31.zip.download/genbank-2022.03-bacteria-k31.zip,"GCA_002878675.1 Glutamicibacter arilaitensis strain=JB182, ASM287867v1",f4ef09635601f9c437b12b2deaa3ee8f,0.07513988808952837,253000,50,14226000,/Users/emilycpweiss/medaka/rawsr/wh4mon_2.fq.gz,whi4sr,ec875fc4,598360000,31,DNA,1000,598360,True,0.7810640752602777,0.9198939434361099,0.8504790093481938,0.9198939434361099,False,2146,6377971,13427448,Bacteria;Actinobacteria;Actinomycetia;Micrococcales;Micrococcaceae;Glutamicibacter;Glutamicibacter arilaitensis
1403000,0.002344742295607995,0.10281569965870307,0.0004027675646767832,0.0011148060301555442,62.11203319502075,75.0,41.32413996683897,/Users/emilycpweiss/Downloads/genbank-2022.03-bacteria-k31.zip.download/genbank-2022.03-bacteria-k31.zip,"GCA_015863285.1 Facklamia tabacinasalis strain=DSM 104272, ASM1586328v1",71e9a186083a6d6c40579c4e699df880,0.5985494880546075,241000,51,13985000,/Users/emilycpweiss/medaka/rawsr/wh4mon_2.fq.gz,whi4sr,ec875fc4,598360000,31,DNA,1000,598360,True,0.8225538863465092,0.9835799778279746,0.9030669320872419,0.9835799778279746,False,14969,6392940,13427448,Bacteria;Firmicutes;Bacilli;Lactobacillales;Aerococcaceae;Ruoffia;Ruoffia tabacinasalis
3383000,0.005653787017848787,0.06253326237360297,0.0003927401564275687,0.007772214049907324,444.08936170212763,72.0,471.28120134150316,/Users/emilycpweiss/Downloads/genbank-2022.03-bacteria-k31.zip.download/genbank-2022.03-bacteria-k31.zip,"GCA_014897975.1 Halomonas sp. FME64 strain=FME64, ASM1489797v1",ed8ccf42991f96e008ee9a07455c5093,0.9002128791910591,235000,52,13750000,/Users/emilycpweiss/medaka/rawsr/wh4mon_2.fq.gz,whi4sr,ec875fc4,598360000,31,DNA,1000,598360,True,0.8462424768086333,0.9966146461408054,0.9214285614747193,0.9966146461408054,False,104361,6497301,13427448,Bacteria;Proteobacteria;Gammaproteobacteria;Oceanospirillales;Halomonadaceae;Halomonas;Halomonas sp. FME64
3878000,0.006481048198408984,0.05499519692603266,0.0003827127481783542,0.0003524124613999622,20.663755458515283,9.0,28.67702313291125,/Users/emilycpweiss/Downloads/genbank-2022.03-bacteria-k31.zip.download/genbank-2022.03-bacteria-k31.zip,"GCA_002332225.1 Brevibacterium aurantiacum strain=JB5, ASM233222v1",aea300f60ac824c5884906cd1dc8d3b1,0.9313160422670509,229000,53,13521000,/Users/emilycpweiss/medaka/rawsr/wh4mon_2.fq.gz,whi4sr,ec875fc4,598360000,31,DNA,1000,598360,True,0.8499784429502465,0.997707258358614,0.9238428506544303,0.997707258358614,False,4732,6502033,13427448,Bacteria;Actinobacteria;Actinomycetia;Micrococcales;Brevibacteriaceae;Brevibacterium;Brevibacterium aurantiacum
1358000,0.0022695367337388864,0.05768261964735517,0.0003827127481783542,0.0007279119606346642,42.68122270742358,36.0,71.90501161566013,/Users/emilycpweiss/Downloads/genbank-2022.03-bacteria-k31.zip.download/genbank-2022.03-bacteria-k31.zip,"GCA_002286955.1 Halomonas sp. WN018 strain=WN018, ASM228695v1",4de2f38ce4f1b6120a924ef8240219b6,0.3420654911838791,229000,54,13292000,/Users/emilycpweiss/medaka/rawsr/wh4mon_2.fq.gz,whi4sr,ec875fc4,598360000,31,DNA,1000,598360,True,0.8216893387773926,0.9659869660149505,0.8938381523961716,0.9659869660149505,False,9774,6511807,13427448,Bacteria;Proteobacteria;Gammaproteobacteria;Oceanospirillales;Halomonadaceae;Halomonas;Halomonas humidisoli
349000,0.0005832609131626445,0.0615260612573885,0.0003827127481783542,0.0005396408908081416,31.641921397379914,35.0,16.93690288328018,/Users/emilycpweiss/Downloads/genbank-2022.03-bacteria-k31.zip.download/genbank-2022.03-bacteria-k31.zip,"GCA_002407185.1 Brachybacterium vulturis strain=VM2412, ASM240718v1",85ae2aefcc6b86b127d63cbbd50492c6,0.0937667920472864,229000,55,13063000,/Users/emilycpweiss/medaka/rawsr/wh4mon_2.fq.gz,whi4sr,ec875fc4,598360000,31,DNA,1000,598360,True,0.7864534028972094,0.9264890528980823,0.8564712278976458,0.9264890528980823,False,7246,6519053,13427448,Bacteria;Actinobacteria;Actinomycetia;Micrococcales;Dermabacteraceae;Brachybacterium;Brachybacterium vulturis
1023000,0.0017096731064910756,0.053938584779706276,0.00033758941105688884,0.00044863327714990967,29.821782178217823,1.0,127.99221789768468,/Users/emilycpweiss/Downloads/genbank-2022.03-bacteria-k31.zip.download/genbank-2022.03-bacteria-k31.zip,"GCA_013183775.1 Halomonas sp. B1.N12 strain=B1.N12, ASM1318377v1",d70f72faa00796a24d562599fecf611d,0.2731642189586115,202000,56,12861000,/Users/emilycpweiss/medaka/rawsr/wh4mon_2.fq.gz,whi4sr,ec875fc4,598360000,31,DNA,1000,598360,True,0.8142150612049712,0.9590033471342447,0.886609204169608,0.9590033471342447,False,6024,6525077,13427448,Bacteria;Proteobacteria;Gammaproteobacteria;Oceanospirillales;Halomonadaceae;Halomonas;Halomonas sp. B1.N12
3546000,0.005926198275285781,0.04768683274021352,0.0003359181763486864,0.00023772201538222303,15.880597014925373,9.0,17.973326606260578,/Users/emilycpweiss/Downloads/genbank-2022.03-bacteria-k31.zip.download/genbank-2022.03-bacteria-k31.zip,"GCA_003999295.1 Brevibacterium aurantiacum strain=SMQ-1417, ASM399929v1",fc8387b92ba4d66ae95793038ba0fa54,0.8412811387900356,201000,57,12660000,/Users/emilycpweiss/medaka/rawsr/wh4mon_2.fq.gz,whi4sr,ec875fc4,598360000,31,DNA,1000,598360,True,0.8475280297407712,0.994440370846857,0.9209842002938141,0.994440370846857,False,3192,6528269,13427448,Bacteria;Actinobacteria;Actinomycetia;Micrococcales;Brevibacteriaceae;Brevibacterium;Brevibacterium aurantiacum
199000,0.0003325757069322816,0.04570509875976114,0.0003325757069322816,0.0007544248169868168,50.904522613065325,49.0,38.31351664145982,/Users/emilycpweiss/Downloads/genbank-2022.03-bacteria-k31.zip.download/genbank-2022.03-bacteria-k31.zip,"GCA_900163865.1 Sphingobacterium sp. JB170 strain=JB170, ASM90016386v1",aed34891834d2c56dddb4fce52961e47,0.04570509875976114,199000,58,12461000,/Users/emilycpweiss/medaka/rawsr/wh4mon_2.fq.gz,whi4sr,ec875fc4,598360000,31,DNA,1000,598360,True,0.7723300274046994,0.9052594211714372,0.8387947242880682,0.9052594211714372,False,10130,6538399,13427448,Bacteria;Bacteroidetes;Sphingobacteriia;Sphingobacteriales;Sphingobacteriaceae;Sphingobacterium;Sphingobacterium sp. JB170
590000,0.0009860284778394279,0.03503184713375796,0.00029413730864362594,0.004186126805331885,319.3693181818182,15.0,354.36642401293744,/Users/emilycpweiss/Downloads/genbank-2022.03-bacteria-k31.zip.download/genbank-2022.03-bacteria-k31.zip,"GCA_007786325.1 Halomonas titanicae strain=SM1922, ASM778632v1",e00210d949961a46287b78b239fd02c1,0.11743630573248408,176000,59,12285000,/Users/emilycpweiss/medaka/rawsr/wh4mon_2.fq.gz,whi4sr,ec875fc4,598360000,31,DNA,1000,598360,True,0.7998870987842499,0.9332406020862287,0.8665638504352393,0.9332406020862287,False,56209,6594608,13427448,Bacteria;Proteobacteria;Gammaproteobacteria;Oceanospirillales;Halomonadaceae;Halomonas;Halomonas titanicae
3455000,0.005774115916839361,0.040336550358822075,0.00027241125743699443,5.97284011079395e-05,4.920245398773006,2.0,12.23741702320805,/Users/emilycpweiss/Downloads/genbank-2022.03-bacteria-k31.zip.download/genbank-2022.03-bacteria-k31.zip,"GCA_003335295.1 Brachybacterium alimentarium strain=962_10, ASM333529v1",9726e9875a239105eae2d1a26c1e1aa1,0.8549863895075477,163000,60,12122000,/Users/emilycpweiss/medaka/rawsr/wh4mon_2.fq.gz,whi4sr,ec875fc4,598360000,31,DNA,1000,598360,True,0.8468175592377587,0.9949588870531141,0.9208882231454364,0.9949588870531141,False,802,6595410,13427448,Bacteria;Actinobacteria;Actinomycetia;Micrococcales;Dermabacteraceae;Brachybacterium;Brachybacterium alimentarium
3593000,0.006004746306571295,0.040320560981718004,0.0002690687880205896,0.00023638147770149622,19.714285714285715,13.0,20.238769931513314,/Users/emilycpweiss/Downloads/genbank-2022.03-bacteria-k31.zip.download/genbank-2022.03-bacteria-k31.zip,"GCA_900169095.1 Brevibacterium aurantiacum strain=CNRZ 920, Assembly_BAUR920",94a991f90555ff6bf4ab3d55a5f988b2,0.899824693213123,161000,61,11961000,/Users/emilycpweiss/medaka/rawsr/wh4mon_2.fq.gz,whi4sr,ec875fc4,598360000,31,DNA,1000,598360,True,0.8478880951152536,0.9966007801526129,0.9222444376339333,0.9966007801526129,False,3174,6598584,13427448,Bacteria;Actinobacteria;Actinomycetia;Micrococcales;Brevibacteriaceae;Brevibacterium;Brevibacterium aurantiacum
161000,0.0002690687880205896,0.03931880791384924,0.0002623838491877799,0.0009457493337527727,80.88535031847134,89.0,71.65388928091132,/Users/emilycpweiss/Downloads/genbank-2022.03-bacteria-k31.zip.download/genbank-2022.03-bacteria-k31.zip,"GCA_001858325.1 Marinobacter sp. AC-23 strain=AC-23, ASM185832v1",bc6765feb2446930dc55d38b585695b9,0.040320560981718004,157000,62,11804000,/Users/emilycpweiss/medaka/rawsr/wh4mon_2.fq.gz,whi4sr,ec875fc4,598360000,31,DNA,1000,598360,True,0.7670687686546732,0.9016064002738923,0.8343375844642827,0.9016064002738923,False,12699,6611283,13427448,Bacteria;Proteobacteria;Gammaproteobacteria;Pseudomonadales;Marinobacteraceae;Marinobacter;Marinobacter sp. AC-23
158000,0.00026405508389598236,0.08754208754208755,0.00026071261447957754,1.727804121825681e-05,1.4871794871794872,1.0,0.8806115262089436,/Users/emilycpweiss/Downloads/genbank-2022.03-bacteria-k31.zip.download/genbank-2022.03-bacteria-k31.zip,"GCA_001867245.1 Streptococcus thermophilus strain=UC8547, ASM186724v1",b859bdb11a325aa2568be2be51b3d269,0.08866442199775533,156000,63,11648000,/Users/emilycpweiss/medaka/rawsr/wh4mon_2.fq.gz,whi4sr,ec875fc4,598360000,31,DNA,1000,598360,True,0.7666034888204822,0.92481833622064,0.8457109125205611,0.92481833622064,False,232,6611515,13427448,Bacteria;Firmicutes;Bacilli;Lactobacillales;Streptococcaceae;Streptococcus;Streptococcus thermophilus
901000,0.0015057824720903805,0.040154440154440155,0.00026071261447957754,0.00016503508336059093,14.205128205128204,7.0,19.66048945210632,/Users/emilycpweiss/Downloads/genbank-2022.03-bacteria-k31.zip.download/genbank-2022.03-bacteria-k31.zip,"GCA_900169215.1 Brevibacterium antiquum strain=P10, Assembly_BANT10",0df4f6c5d4c2c916574eb00d74e38e48,0.23191763191763193,156000,64,11492000,/Users/emilycpweiss/medaka/rawsr/wh4mon_2.fq.gz,whi4sr,ec875fc4,598360000,31,DNA,1000,598360,True,0.8108865037830766,0.9539528190458106,0.8824196614144436,0.9539528190458106,False,2216,6613731,13427448,Bacteria;Actinobacteria;Actinomycetia;Micrococcales;Brevibacteriaceae;Brevibacterium;Brevibacterium antiquum
2685000,0.004487265191523497,0.05042016806722689,0.00024065779798114847,0.0006643108951157361,61.94444444444444,19.0,197.8539998254106,/Users/emilycpweiss/Downloads/genbank-2022.03-bacteria-k31.zip.download/genbank-2022.03-bacteria-k31.zip,"GCA_001747965.1 Staphylococcus equorum strain=341_10, ASM174796v1",ff2da54c14355e9bc880c83b445d96fe,0.9401260504201681,144000,65,11348000,/Users/emilycpweiss/medaka/rawsr/wh4mon_2.fq.gz,whi4sr,ec875fc4,598360000,31,DNA,1000,598360,True,0.8399578154448271,0.9980103266580008,0.9189840710514139,0.9980103266580008,False,8920,6622651,13427448,Bacteria;Firmicutes;Bacilli;Bacillales;Staphylococcaceae;Staphylococcus;Staphylococcus equorum
147000,0.0002456715021057557,0.04683917458237799,0.00023898656327294606,1.653329806229747e-05,1.5524475524475525,1.0,0.8583470998102987,/Users/emilycpweiss/Downloads/genbank-2022.03-bacteria-k31.zip.download/genbank-2022.03-bacteria-k31.zip,"GCA_003987635.1 Vagococcus carniphilus strain=SS1714, ASM398763v1",db5d79afb6b2e4d721e9e515061b1de3,0.04814936128398297,143000,66,11205000,/Users/emilycpweiss/medaka/rawsr/wh4mon_2.fq.gz,whi4sr,ec875fc4,598360000,31,DNA,1000,598360,True,0.7648210486436238,0.9067820620603576,0.8358015553519906,0.9067820620603576,False,222,6622873,13427448,Bacteria;Firmicutes;Bacilli;Lactobacillales;Enterococcaceae;Vagococcus;Vagococcus carniphilus
3814000,0.00637408917708403,0.03300094966761633,0.00023230162444013637,0.00018961160750724932,18.31654676258993,15.0,15.945065753646206,/Users/emilycpweiss/Downloads/genbank-2022.03-bacteria-k31.zip.download/genbank-2022.03-bacteria-k31.zip,"GCA_003999315.1 Brevibacterium aurantiacum strain=SMQ-1420, ASM399931v1",c050c0cbbc94efd31d6fd99df057a2d7,0.9055080721747388,139000,67,11066000,/Users/emilycpweiss/medaka/rawsr/wh4mon_2.fq.gz,whi4sr,ec875fc4,598360000,31,DNA,1000,598360,True,0.8495222901214252,0.9968032145991338,0.9231627523602794,0.9968032145991338,False,2546,6625419,13427448,Bacteria;Actinobacteria;Actinomycetia;Micrococcales;Brevibacteriaceae;Brevibacterium;Brevibacterium aurantiacum
2597000,0.004340196537201684,0.026679462571976967,0.00023230162444013637,0.0012337415121622516,119.17985611510791,2.0,612.5726179450845,/Users/emilycpweiss/Downloads/genbank-2022.03-bacteria-k31.zip.download/genbank-2022.03-bacteria-k31.zip,"GCA_006542315.2 Halomonas titanicae strain=ANRCS81, ASM654231v2",e003e14d469a4dfae07566a5a2ef65a1,0.49846449136276394,139000,68,10927000,/Users/emilycpweiss/medaka/rawsr/wh4mon_2.fq.gz,whi4sr,ec875fc4,598360000,31,DNA,1000,598360,True,0.8390553785647925,0.9777915174918623,0.9084234480283274,0.9777915174918623,False,16566,6641985,13427448,Bacteria;Proteobacteria;Gammaproteobacteria;Oceanospirillales;Halomonadaceae;Halomonas;Halomonas titanicae
328000,0.0005481649842903937,0.03080357142857143,0.00023063038973193396,5.630258259052651e-05,5.478260869565218,2.0,11.664524062862851,/Users/emilycpweiss/Downloads/genbank-2022.03-bacteria-k31.zip.download/genbank-2022.03-bacteria-k31.zip,"GCA_004745485.1 Brevibacterium sp. S22 strain=S22, ASM474548v1",4ed53bbd9694d1b411ee3a4b2bebfdfc,0.07321428571428572,138000,69,10789000,/Users/emilycpweiss/medaka/rawsr/wh4mon_2.fq.gz,whi4sr,ec875fc4,598360000,31,DNA,1000,598360,True,0.7848805915170037,0.9191238995830967,0.8520022455500502,0.9191238995830967,False,756,6642741,13427448,Bacteria;Actinobacteria;Actinomycetia;Micrococcales;Brevibacteriaceae;Brevibacterium;Brevibacterium sp. S22
3540000,0.005916170867036567,0.03603844100373732,0.0002256166856073267,0.006247277963764969,621.3703703703703,68.0,1880.9198881900188,/Users/emilycpweiss/Downloads/genbank-2022.03-bacteria-k31.zip.download/genbank-2022.03-bacteria-k31.zip,"GCA_014861495.1 Halomonas sp. FME1 strain=FME1, ASM1486149v1",0cc2fa66e2aad8655b5821a9ff603956,0.9450080085424453,135000,70,10654000,/Users/emilycpweiss/medaka/rawsr/wh4mon_2.fq.gz,whi4sr,ec875fc4,598360000,31,DNA,1000,598360,True,0.8474817319022443,0.9981770868546936,0.922829409378469,0.9981770868546936,False,83885,6726626,13427448,Bacteria;Proteobacteria;Gammaproteobacteria;Oceanospirillales;Halomonadaceae;Halomonas;Halomonas sp. FME1
2592000,0.004331840363660673,0.047619047619047616,0.00022227421619092186,0.00015565131959550317,15.714285714285714,8.0,18.95843154761055,/Users/emilycpweiss/Downloads/genbank-2022.03-bacteria-k31.zip.download/genbank-2022.03-bacteria-k31.zip,"GCA_003530675.1 Corynebacterium casei, ASM353067v1",7c1fd68a36431e05f4258b10ff462fb4,0.9280343716433942,133000,71,10521000,/Users/emilycpweiss/medaka/rawsr/wh4mon_2.fq.gz,whi4sr,ec875fc4,598360000,31,DNA,1000,598360,True,0.8390032192477316,0.9975936576858865,0.918298438466809,0.9975936576858865,False,2090,6728716,13427448,Bacteria;Actinobacteria;Actinomycetia;Corynebacteriales;Corynebacteriaceae;Corynebacterium;Corynebacterium casei
147000,0.0002456715021057557,0.051932367149758456,0.00021558927735811217,9.450790649124093e-05,9.837209302325581,1.0,93.27219404173621,/Users/emilycpweiss/Downloads/genbank-2022.03-bacteria-k31.zip.download/genbank-2022.03-bacteria-k31.zip,"GCA_016760245.1 Tetragenococcus koreensis strain=7C5, ASM1676024v1",c4bc19095fc0ce9b8a9d192fabfdbee7,0.059178743961352656,129000,72,10392000,/Users/emilycpweiss/medaka/rawsr/wh4mon_2.fq.gz,whi4sr,ec875fc4,598360000,31,DNA,1000,598360,True,0.7648210486436238,0.9128353359724872,0.8388281923080555,0.9128353359724872,False,1269,6729985,13427448,Bacteria;Firmicutes;Bacilli;Lactobacillales;Enterococcaceae;Tetragenococcus;Tetragenococcus koreensis
434000,0.0007253158633598502,0.025900445163901255,0.00021391804264990976,0.002699693940352627,283.203125,85.0,323.722087584759,/Users/emilycpweiss/Downloads/genbank-2022.03-bacteria-k31.zip.download/genbank-2022.03-bacteria-k31.zip,"GCA_013415125.1 Halomonas glaciei strain=DD39, ASM1341512v1",7de9a7b4c2014a9da828e19874ae86f0,0.08781869688385269,128000,73,10264000,/Users/emilycpweiss/medaka/rawsr/wh4mon_2.fq.gz,whi4sr,ec875fc4,598360000,31,DNA,1000,598360,True,0.7920027382249385,0.9245324541089418,0.8582675961669401,0.9245324541089418,False,36250,6766235,13427448,Bacteria;Proteobacteria;Gammaproteobacteria;Oceanospirillales;Halomonadaceae;Halomonas;Halomonas glaciei
309000,0.0005164115248345477,0.03681159420289855,0.00021224680794170733,0.0002698204454040708,28.52755905511811,32.0,20.626344583861236,/Users/emilycpweiss/Downloads/genbank-2022.03-bacteria-k31.zip.download/genbank-2022.03-bacteria-k31.zip,"GCA_002216795.1 Brachybacterium avium strain=VR2415, ASM221679v1",2aebb3f46b24f9aaf70df3042f1ef73e,0.08956521739130435,127000,74,10137000,/Users/emilycpweiss/medaka/rawsr/wh4mon_2.fq.gz,whi4sr,ec875fc4,598360000,31,DNA,1000,598360,True,0.7833712171156588,0.9251199460342058,0.8542455815749324,0.9251199460342058,False,3623,6769858,13427448,Bacteria;Actinobacteria;Actinomycetia;Micrococcales;Dermabacteraceae;Brachybacterium;Brachybacterium avium
1387000,0.0023180025402767565,0.02914432268594078,0.00020890433852530248,0.0004668794844709136,50.152,55.0,42.789728861024585,/Users/emilycpweiss/Downloads/genbank-2022.03-bacteria-k31.zip.download/genbank-2022.03-bacteria-k31.zip,"GCA_016774375.1 Shewanella sp. RCRI7 strain=RCRI7, ASM1677437v1",af0b025db3c1b4c49605d9f4d7c1c7c2,0.32338540452319886,125000,75,10012000,/Users/emilycpweiss/medaka/rawsr/wh4mon_2.fq.gz,whi4sr,ec875fc4,598360000,31,DNA,1000,598360,True,0.8222496067292854,0.9642386366763815,0.8932441217028335,0.9642386366763815,False,6269,6776127,13427448,Bacteria;Proteobacteria;Gammaproteobacteria;Alteromonadales;Shewanellaceae;Shewanella;Shewanella sp. RCRI7
903000,0.0015091249415067852,0.1323851203501094,0.00020221939969249282,0.00010821118056089288,12.008264462809917,10.0,9.196204631941308,/Users/emilycpweiss/Downloads/genbank-2022.03-bacteria-k31.zip.download/genbank-2022.03-bacteria-k31.zip,"GCA_003454485.1 Alkalibacterium sp., ASM345448v1",5e9207b338c8edb98ac0b028da047160,0.9879649890590809,121000,76,9891000,/Users/emilycpweiss/medaka/rawsr/wh4mon_2.fq.gz,whi4sr,ec875fc4,598360000,31,DNA,1000,598360,True,0.8109445050588299,0.9996094950399124,0.9052770000493711,0.9996094950399124,False,1453,6777580,13427448,Bacteria;Firmicutes;Bacilli;Lactobacillales;Carnobacteriaceae;Alkalibacterium;Alkalibacterium sp.
183000,0.0003058359516010428,0.03645200486026731,0.00020054816498429038,0.000689483213787162,77.15,52.0,144.05598737990726,/Users/emilycpweiss/Downloads/genbank-2022.03-bacteria-k31.zip.download/genbank-2022.03-bacteria-k31.zip,"GCA_000179395.2 Corynebacterium variabile DSM 44702 strain=DSM 44702, ASM17939v2",c89cd9df3cc4e67b2a93d3482b0050f8,0.05558930741190766,120000,77,9771000,/Users/emilycpweiss/medaka/rawsr/wh4mon_2.fq.gz,whi4sr,ec875fc4,598360000,31,DNA,1000,598360,True,0.7702446003432821,0.9109946934237636,0.8406196468835229,0.9109946934237636,False,9258,6786838,13427448,Bacteria;Actinobacteria;Actinomycetia;Corynebacteriales;Corynebacteriaceae;Corynebacterium;Corynebacterium variabile;Corynebacterium variabile DSM 44702
122000,0.00020389063440069523,0.000236061375957749,0.00019720569556788556,0.00010456193909669208,11.898305084745763,1.0,42.16480776757335,/Users/emilycpweiss/Downloads/genbank-2022-3/signatures/ad6fc4de5b99575aa255510de485b129.sig.gz,"GCA_004523865.1 Nephromyces sp. ex Molgula occidentalis, ASM452386v1",ad6fc4de5b99575aa255510de485b129,0.00024406345649868966,118000,78,9653000,/Users/emilycpweiss/medaka/rawsr/wh4mon_2.fq.gz,whi4sr,ec875fc4,598360000,31,DNA,1000,598360,True,0.7602357690234857,0.7646590464294195,0.7624474077264526,0.7646590464294195,False,1404,6788242,13427448,Eukaryota;Apicomplexa;Aconoidasida;Nephromycida;unassigned;Nephromyces;Nephromyces sp. ex Molgula occidentalis
121000,0.00020221939969249282,0.044293695131683956,0.00018550705261046862,2.2938089203547838e-05,2.774774774774775,1.0,4.758462702555937,/Users/emilycpweiss/Downloads/genbank-2022.03-bacteria-k31.zip.download/genbank-2022.03-bacteria-k31.zip,"GCA_016027975.1 Lactococcus lactis strain=FDAARGOS_887, ASM1602797v1",7cf5a70175b1b38d52ebf2c062b80f8f,0.04828411811652035,111000,79,9542000,/Users/emilycpweiss/medaka/rawsr/wh4mon_2.fq.gz,whi4sr,ec875fc4,598360000,31,DNA,1000,598360,True,0.7600339532402137,0.9068638170070255,0.8334488851236196,0.9068638170070255,False,308,6788550,13427448,Bacteria;Firmicutes;Bacilli;Lactobacillales;Streptococcaceae;Lactococcus;Lactococcus lactis
2713000,0.004534059763353165,0.03877335213253437,0.00018383581790226618,0.0004360471178141967,53.22727272727273,21.0,149.76725331423174,/Users/emilycpweiss/Downloads/genbank-2022.03-bacteria-k31.zip.download/genbank-2022.03-bacteria-k31.zip,"GCA_002901955.1 Staphylococcus equorum subsp. linens strain=DSM 15097, ASM290195v1",08105b58a6779b83f7a8af5a6a300efb,0.9562918575960522,110000,80,9432000,/Users/emilycpweiss/medaka/rawsr/wh4mon_2.fq.gz,whi4sr,ec875fc4,598360000,31,DNA,1000,598360,True,0.8402389585873127,0.9985593573636673,0.91939915797549,0.9985593573636673,False,5855,6794405,13427448,Bacteria;Firmicutes;Bacilli;Bacillales;Staphylococcaceae;Staphylococcus;Staphylococcus equorum
3795000,0.006342335717628184,0.026595744680851064,0.00018383581790226618,0.00014872520824508128,18.154545454545456,8.0,22.2956116202418,/Users/emilycpweiss/Downloads/genbank-2022.03-bacteria-k31.zip.download/genbank-2022.03-bacteria-k31.zip,"GCA_900169315.1 Brevibacterium aurantiacum strain=6(3), Assembly_BAURA63",ac292e2596e651d1fa9c5d51070b8352,0.9175531914893617,110000,81,9322000,/Users/emilycpweiss/medaka/rawsr/wh4mon_2.fq.gz,whi4sr,ec875fc4,598360000,31,DNA,1000,598360,True,0.8493854432043488,0.9972282121828654,0.9233068276936072,0.9972282121828654,False,1997,6796402,13427448,Bacteria;Actinobacteria;Actinomycetia;Micrococcales;Brevibacteriaceae;Brevibacterium;Brevibacterium aurantiacum
302000,0.0005047128818771308,0.02819898909284384,0.00017715087906945652,0.0001539384103367967,19.5,11.5,18.6356576446622,/Users/emilycpweiss/Downloads/genbank-2022.03-bacteria-k31.zip.download/genbank-2022.03-bacteria-k31.zip,"GCA_900184245.1 Brachybacterium massiliense strain=mt5, PRJEB13137",9ab3c50c9b127a51e50388c632a8031d,0.08034051609470604,106000,82,9216000,/Users/emilycpweiss/medaka/rawsr/wh4mon_2.fq.gz,whi4sr,ec875fc4,598360000,31,DNA,1000,598360,True,0.7827923868311084,0.92188194670768,0.8523371667693942,0.92188194670768,False,2067,6798469,13427448,Bacteria;Actinobacteria;Actinomycetia;Micrococcales;Dermabacteraceae;Brachybacterium;Brachybacterium massiliense
720000,0.0012032889899057423,0.021224984839296544,0.00017547964436125408,0.0014965613719003046,191.38095238095238,2.0,310.3751763807452,/Users/emilycpweiss/Downloads/genbank-2022.03-bacteria-k31.zip.download/genbank-2022.03-bacteria-k31.zip,"GCA_019903445.1 Halomonas neptunia strain=DSM 15720, ASM1990344v1",275f601a9383941ed64e17b4c3f33ae2,0.14554275318374774,105000,83,9111000,/Users/emilycpweiss/medaka/rawsr/wh4mon_2.fq.gz,whi4sr,ec875fc4,598360000,31,DNA,1000,598360,True,0.8050417157132183,0.9397226534745104,0.8723821845938644,0.9397226534745104,False,20095,6818564,13427448,Bacteria;Proteobacteria;Gammaproteobacteria;Oceanospirillales;Halomonadaceae;Halomonas;Halomonas neptunia
108000,0.00018049334848586136,0.05220883534136546,0.00017380840965305167,9.882741679580513e-05,12.759615384615385,1.0,34.76528307873213,/Users/emilycpweiss/Downloads/genbank-2022.03-bacteria-k31.zip.download/genbank-2022.03-bacteria-k31.zip,"GCA_900129085.1 Atopostipes suicloacalis DSM 15692 strain=DSM 15692, IMG-taxon 2582581273 annotated assembly",78ae4e3f255f2ddb00037e6722e07fcc,0.05421686746987952,104000,84,9007000,/Users/emilycpweiss/medaka/rawsr/wh4mon_2.fq.gz,whi4sr,ec875fc4,598360000,31,DNA,1000,598360,True,0.7572524444546845,0.9102603516187121,0.8337563980366983,0.9102603516187121,False,1327,6819891,13427448,Bacteria;Firmicutes;Bacilli;Lactobacillales;Carnobacteriaceae;Atopostipes;Atopostipes suicloacalis;Atopostipes suicloacalis DSM 15692
1558000,0.00260378367537937,0.030039050765995796,0.00016712347082024198,2.837471424205106e-05,3.81,2.0,5.514879871765114,/Users/emilycpweiss/Downloads/genbank-2022.03-bacteria-k31.zip.download/genbank-2022.03-bacteria-k31.zip,"GCA_900163715.1 Brevibacterium yomogidense strain=B Co 03.10, ASM90016371v1",bc675f2a1ba9552e5ecea62a034ad91f,0.46800841093421447,100000,85,8907000,/Users/emilycpweiss/medaka/rawsr/wh4mon_2.fq.gz,whi4sr,ec875fc4,598360000,31,DNA,1000,598360,True,0.8253390925070859,0.9758049598613519,0.9005720261842189,0.9758049598613519,False,381,6820272,13427448,Bacteria;Actinobacteria;Actinomycetia;Micrococcales;Brevibacteriaceae;Brevibacterium;Brevibacterium yomogidense
1283000,0.002144194130623705,0.041353383458646614,0.00016545223611203958,1.6384349431105596e-05,2.2222222222222223,2.0,1.6425869935639221,/Users/emilycpweiss/Downloads/genbank-2022.03-bacteria-k31.zip.download/genbank-2022.03-bacteria-k31.zip,"GCA_007989385.1 Marinilactibacillus psychrotolerans strain=NBRC 100002, ASM798938v1",f5875cc23ca39f9a9e820ee299fddfaa,0.5359231411862991,99000,86,8808000,/Users/emilycpweiss/medaka/rawsr/wh4mon_2.fq.gz,whi4sr,ec875fc4,598360000,31,DNA,1000,598360,True,0.8201848542969223,0.9800796489537628,0.9001322516253425,0.9800796489537628,False,220,6820492,13427448,Bacteria;Firmicutes;Bacilli;Lactobacillales;Carnobacteriaceae;Marinilactibacillus;Marinilactibacillus psychrotolerans
1035000,0.0017297279229895046,0.04449438202247191,0.00016545223611203958,0.0002744378529710188,37.22222222222222,15.0,40.37089549592053,/Users/emilycpweiss/Downloads/genbank-2022.03-bacteria-k31.zip.download/genbank-2022.03-bacteria-k31.zip,"GCA_014049385.1 Aerococcaceae bacterium INB8 strain=INB8, ASM1404938v1",055b49b511ef98dfd90fa712eaa8af81,0.4651685393258427,99000,87,8709000,/Users/emilycpweiss/medaka/rawsr/wh4mon_2.fq.gz,whi4sr,ec875fc4,598360000,31,DNA,1000,598360,True,0.8145214196966065,0.9756133910815363,0.8950674053890715,0.9756133910815363,False,3685,6824177,13427448,Bacteria;Firmicutes;Bacilli;Lactobacillales;Aerococcaceae;Ruoffia;Ruoffia halotolerans
795000,0.0013286315930209239,0.026018396846254926,0.00016545223611203958,0.0004332915681371471,58.76767676767677,2.0,159.9576855841284,/Users/emilycpweiss/Downloads/genbank-2022.03-bacteria-k31.zip.download/genbank-2022.03-bacteria-k31.zip,"GCA_014861475.1 Halomonas sp. FME16 strain=FME16, ASM1486147v1",bf6de106f8bf90476e18b6d9d682eb74,0.20893561103810776,99000,88,8610000,/Users/emilycpweiss/medaka/rawsr/wh4mon_2.fq.gz,whi4sr,ec875fc4,598360000,31,DNA,1000,598360,True,0.8076191331827883,0.9507469006135808,0.8791830168981846,0.9507469006135808,False,5818,6829995,13427448,Bacteria;Proteobacteria;Gammaproteobacteria;Oceanospirillales;Halomonadaceae;Halomonas;Halomonas sp. FME16
1908000,0.003188715823250217,0.022915190172454525,0.00016210976669563473,0.005264514895161016,728.7525773195877,204.0,1292.2832828416201,/Users/emilycpweiss/Downloads/genbank-2022.03-bacteria-k31.zip.download/genbank-2022.03-bacteria-k31.zip,"GCA_014897805.1 Halomonas sp. 3F2F strain=3F2F, ASM1489780v1",dbb333670e4a73dd1ff6225af7059a43,0.45074415308291993,97000,89,8513000,/Users/emilycpweiss/medaka/rawsr/wh4mon_2.fq.gz,whi4sr,ec875fc4,598360000,31,DNA,1000,598360,True,0.8307521577470341,0.9746225486454884,0.9026873531962613,0.9746225486454884,False,70689,6900684,13427448,Bacteria;Proteobacteria;Gammaproteobacteria;Oceanospirillales;Halomonadaceae;Halomonas;Halomonas sp. 3F2F
116000,0.00019386322615148072,0.02695871946082561,0.00016043853198743232,1.2213787757733265e-05,1.7083333333333333,1.0,1.3987841942995434,/Users/emilycpweiss/Downloads/genbank-2022.03-bacteria-k31.zip.download/genbank-2022.03-bacteria-k31.zip,"GCA_001898305.1 Microbacterium sp. 71-36, ASM189830v1",956252b51483ff00c77825a79afacfd1,0.03257511934849761,96000,90,8417000,/Users/emilycpweiss/medaka/rawsr/wh4mon_2.fq.gz,whi4sr,ec875fc4,598360000,31,DNA,1000,598360,True,0.7590000215898701,0.8954236919117886,0.8272118567508293,0.8954236919117886,False,164,6900848,13427448,Bacteria;Actinobacteria;Actinomycetia;Micrococcales;Microbacteriaceae;Microbacterium;Microbacterium sp. 71-36
3556000,0.005942910622367806,0.023007992249939452,0.00015876729727922989,0.0003884580301483945,54.90526315789474,3.0,116.39687766514146,/Users/emilycpweiss/Downloads/genbank-2022.03-bacteria-k31.zip.download/genbank-2022.03-bacteria-k31.zip,"GCA_003335315.1 Brachybacterium alimentarium strain=862_8, ASM333531v1",c65375c9d31bb3b102ab9f030a2669f9,0.8612254783240494,95000,91,8322000,/Users/emilycpweiss/medaka/rawsr/wh4mon_2.fq.gz,whi4sr,ec875fc4,598360000,31,DNA,1000,598360,True,0.8476050245978964,0.9951922739925966,0.9213986492952465,0.9951922739925966,False,5216,6906064,13427448,Bacteria;Actinobacteria;Actinomycetia;Micrococcales;Dermabacteraceae;Brachybacterium;Brachybacterium alimentarium
724000,0.001209973928738552,0.02223262344956705,0.00015876729727922989,6.62076665647858e-05,9.357894736842105,5.0,11.010918781372075,/Users/emilycpweiss/Downloads/genbank-2022.03-bacteria-k31.zip.download/genbank-2022.03-bacteria-k31.zip,"GCA_021532235.1 Brevibacterium sp. UCMA 11752 strain=UCMA 11752, ASM2153223v1",f248f71c6358c52da99046bb24149e26,0.16943599344722676,95000,92,8227000,/Users/emilycpweiss/medaka/rawsr/wh4mon_2.fq.gz,whi4sr,ec875fc4,598360000,31,DNA,1000,598360,True,0.8051856019997042,0.9443418037109061,0.8747637028553052,0.9443418037109061,False,889,6906953,13427448,Bacteria;Actinobacteria;Actinomycetia;Micrococcales;Brevibacteriaceae;Brevibacterium;Brevibacterium sp. UCMA 11752
2754000,0.004602580386389465,0.03006276841757516,0.00015208235844642022,0.000177472294065112,26.186813186813186,3.0,50.61640095747798,/Users/emilycpweiss/Downloads/genbank-2022.03-bacteria-k31.zip.download/genbank-2022.03-bacteria-k31.zip,"GCA_000297455.1 Staphylococcus equorum subsp. equorum Mu2 strain=Mu2, ASM29745v1",c859fad8288d38c7f047ee7adae6f201,0.9098116947472745,91000,93,8136000,/Users/emilycpweiss/medaka/rawsr/wh4mon_2.fq.gz,whi4sr,ec875fc4,598360000,31,DNA,1000,598360,True,0.8406456070287636,0.996955687547569,0.9188006472881662,0.996955687547569,False,2383,6909336,13427448,Bacteria;Firmicutes;Bacilli;Bacillales;Staphylococcaceae;Staphylococcus;Staphylococcus equorum;Staphylococcus equorum subsp. equorum Mu2
3726000,0.006227020522762217,0.021904996308146688,0.00014873988903001538,9.011392187108078e-05,13.595505617977528,6.0,15.129938399752511,/Users/emilycpweiss/Downloads/genbank-2022.03-bacteria-k31.zip.download/genbank-2022.03-bacteria-k31.zip,"GCA_014897495.1 Brevibacterium aurantiacum strain=FME49, ASM1489749v1",5785c7a8673f1ca2afa65f51452d3893,0.9170563622938716,89000,94,8047000,/Users/emilycpweiss/medaka/rawsr/wh4mon_2.fq.gz,whi4sr,ec875fc4,598360000,31,DNA,1000,598360,True,0.848882834184868,0.9972107891990633,0.9230468116919657,0.9972107891990633,False,1210,6910546,13427448,Bacteria;Actinobacteria;Actinomycetia;Micrococcales;Brevibacteriaceae;Brevibacterium;Brevibacterium aurantiacum
2301000,0.0038455110635737685,0.016968762051677595,0.00014706865432181297,0.00040633186589141885,62.0,2.0,169.79840988654752,/Users/emilycpweiss/Downloads/genbank-2022.03-bacteria-k31.zip.download/genbank-2022.03-bacteria-k31.zip,"GCA_014697095.1 Halomonas titanicae strain=SOB56, ASM1469709v1",2a276bef219a960f9d9584565f865337,0.4436945622830698,88000,95,7959000,/Users/emilycpweiss/medaka/rawsr/wh4mon_2.fq.gz,whi4sr,ec875fc4,598360000,31,DNA,1000,598360,True,0.8357863854563828,0.9741270794545243,0.9049567324554535,0.9741270794545243,False,5456,6916002,13427448,Bacteria;Proteobacteria;Gammaproteobacteria;Oceanospirillales;Halomonadaceae;Halomonas;Halomonas titanicae
3545000,0.005924527040577578,0.020379805465493284,0.00014706865432181297,9.793372500865391e-05,14.943181818181818,11.0,13.903366134718349,/Users/emilycpweiss/Downloads/genbank-2022.03-bacteria-k31.zip.download/genbank-2022.03-bacteria-k31.zip,"GCA_000167575.1 Brevibacterium aurantiacum strain=BL2, ASM16757v1",a82b05085f9daac08c4f9b3fbb661981,0.8209819360815193,88000,96,7871000,/Users/emilycpweiss/medaka/rawsr/wh4mon_2.fq.gz,whi4sr,ec875fc4,598360000,31,DNA,1000,598360,True,0.8475203187015181,0.9936571634453059,0.9205887410734119,0.9936571634453059,False,1315,6917317,13427448,Bacteria;Actinobacteria;Actinomycetia;Micrococcales;Brevibacteriaceae;Brevibacterium;Brevibacterium aurantiacum
124000,0.00020723310381710007,0.02013888888888889,0.00014539741961361053,0.0004440158695829617,68.52873563218391,79.0,49.79471399736658,/Users/emilycpweiss/Downloads/genbank-2022.03-bacteria-k31.zip.download/genbank-2022.03-bacteria-k31.zip,"GCA_900215155.1 Marinobacter sp. LV10R510-11A strain=LV10R510-11A, IMG-taxon 2617270900 annotated assembly",03140c240b0ebf3f6e700f230cf04e36,0.028703703703703703,87000,97,7784000,/Users/emilycpweiss/medaka/rawsr/wh4mon_2.fq.gz,whi4sr,ec875fc4,598360000,31,DNA,1000,598360,True,0.7606346423218718,0.891776579764408,0.8262056110431399,0.891776579764408,False,5962,6923279,13427448,Bacteria;Proteobacteria;Gammaproteobacteria;Pseudomonadales;Marinobacteraceae;Marinobacter;Marinobacter sp. LV10R510-11A
786000,0.001313590480647102,0.023655308363841172,0.00014038371548900328,4.304615441445016e-05,6.880952380952381,1.0,12.829843151163102,/Users/emilycpweiss/Downloads/genbank-2022.03-bacteria-k31.zip.download/genbank-2022.03-bacteria-k31.zip,"GCA_014897175.1 Psychrobacter sp. FME61 strain=FME61, ASM1489717v1",44680da5b0c23c7ad40ce16d2d81e99b,0.22134609969022812,84000,98,7700000,/Users/emilycpweiss/medaka/rawsr/wh4mon_2.fq.gz,whi4sr,ec875fc4,598360000,31,DNA,1000,598360,True,0.8073225746100248,0.9525182080075076,0.8799203913087662,0.9525182080075076,False,578,6923857,13427448,Bacteria;Proteobacteria;Gammaproteobacteria;Moraxellales;Moraxellaceae;Psychrobacter;Psychrobacter sp. FME61
262000,0.00043786349354903403,0.027683997299122215,0.00013704124607259843,8.86244355591621e-06,1.451219512195122,1.0,0.6653889202782312,/Users/emilycpweiss/Downloads/genbank-2022.03-bacteria-k31.zip.download/genbank-2022.03-bacteria-k31.zip,"GCA_000320945.2 Idiomarina sp. 28-8 strain=28-8, ASM32094v2",53c8c309328261d2978ab0a9115c5376,0.08845374746792707,82000,99,7618000,/Users/emilycpweiss/medaka/rawsr/wh4mon_2.fq.gz,whi4sr,ec875fc4,598360000,31,DNA,1000,598360,True,0.7792128184868762,0.9247473690986474,0.8519800937927617,0.9247473690986474,False,119,6923976,13427448,Bacteria;Proteobacteria;Gammaproteobacteria;Alteromonadales;Idiomarinaceae;Idiomarina;Idiomarina sp. 28-8
115000,0.00019219199144327828,0.024024024024024024,0.0001336987766561936,5.444072470062815e-05,9.1375,7.0,9.733632094444499,/Users/emilycpweiss/Downloads/genbank-2022.03-bacteria-k31.zip.download/genbank-2022.03-bacteria-k31.zip,"GCA_007988825.1 Microbacterium aerolatum strain=NBRC 103071, ASM798882v1",0835f320fd2f04c2792ae770058372f3,0.03453453453453453,80000,100,7538000,/Users/emilycpweiss/medaka/rawsr/wh4mon_2.fq.gz,whi4sr,ec875fc4,598360000,31,DNA,1000,598360,True,0.7587880682926518,0.8971124639400115,0.8279502661163316,0.8971124639400115,False,731,6924707,13427448,Bacteria;Actinobacteria;Actinomycetia;Micrococcales;Microbacteriaceae;Microbacterium;Microbacterium aerolatum
170000,0.0002841099003944114,0.032989690721649485,0.0001336987766561936,0.00028128949000584476,47.2125,50.5,20.47235559846497,/Users/emilycpweiss/Downloads/genbank-2022.03-bacteria-k31.zip.download/genbank-2022.03-bacteria-k31.zip,"GCA_019115865.1 Candidatus Yaniella excrementavium, ASM1911586v1",98c62d5484b989e3a1ee722a83c4f92c,0.07010309278350516,80000,101,7458000,/Users/emilycpweiss/medaka/rawsr/wh4mon_2.fq.gz,whi4sr,ec875fc4,598360000,31,DNA,1000,598360,True,0.7684158854531052,0.91783732624441,0.8431266058487576,0.91783732624441,False,3777,6928484,13427448,Bacteria;Actinobacteria;Actinomycetia;Micrococcales;Micrococcaceae;Yaniella;Candidatus Yaniella excrementavium
2573000,0.004300086904204826,0.02636849132176235,0.00013202754194799118,0.00014172462257906342,24.088607594936708,11.0,24.26290071746915,/Users/emilycpweiss/Downloads/genbank-2022.03-bacteria-k31.zip.download/genbank-2022.03-bacteria-k31.zip,"GCA_014897435.1 Corynebacterium casei strain=FME59, ASM1489743v1",8dbc2f2000ef90c8cfcc3f3d7bf54677,0.8588117489986649,79000,102,7379000,/Users/emilycpweiss/medaka/rawsr/wh4mon_2.fq.gz,whi4sr,ec875fc4,598360000,31,DNA,1000,598360,True,0.838804121829463,0.9951021777574274,0.9169531497934451,0.9951021777574274,False,1903,6930387,13427448,Bacteria;Actinobacteria;Actinomycetia;Corynebacteriales;Corynebacteriaceae;Corynebacterium;Corynebacterium casei
80000,0.0001336987766561936,0.020434557682359026,0.00013202754194799118,7.745328821977191e-06,1.3164556962025316,1.0,0.606803281731994,/Users/emilycpweiss/Downloads/genbank-2022.03-bacteria-k31.zip.download/genbank-2022.03-bacteria-k31.zip,"GCA_019395145.1 Brevundimonas nasdae strain=Au29, ASM1939514v1",ca40fec309cb4077752b147b3628ddba,0.020693222969477496,79000,103,7300000,/Users/emilycpweiss/medaka/rawsr/wh4mon_2.fq.gz,whi4sr,ec875fc4,598360000,31,DNA,1000,598360,True,0.7499570098335377,0.8824129547869373,0.8161849823102375,0.8824129547869373,False,104,6930491,13427448,Bacteria;Proteobacteria;Alphaproteobacteria;Caulobacterales;Caulobacteraceae;Brevundimonas;Brevundimonas nasdae
2692000,0.004498963834480915,0.026200873362445413,0.00013035630723978877,0.00011275411381224489,19.41025641025641,3.5,40.59286153533108,/Users/emilycpweiss/Downloads/genbank-2022.03-bacteria-k31.zip.download/genbank-2022.03-bacteria-k31.zip,"GCA_001747805.1 Staphylococcus equorum strain=908_10, ASM174780v1",f7e9b1f9de4cc4641c58e020352b3190,0.9042660396372186,78000,104,7222000,/Users/emilycpweiss/medaka/rawsr/wh4mon_2.fq.gz,whi4sr,ec875fc4,598360000,31,DNA,1000,598360,True,0.8400283662970759,0.9967590802438242,0.91839372327045,0.9967590802438242,False,1514,6932005,13427448,Bacteria;Firmicutes;Bacilli;Bacillales;Staphylococcaceae;Staphylococcus;Staphylococcus equorum
1346000,0.0022494819172404574,0.019974059662775615,0.00012868507253158633,0.00029015193356176093,50.5974025974026,36.0,84.90196940494322,/Users/emilycpweiss/Downloads/genbank-2022.03-bacteria-k31.zip.download/genbank-2022.03-bacteria-k31.zip,"GCA_003612795.1 Halomonas alkaliphila strain=X3, ASM361279v1",4461971716a3bf72c5cc7cc33bab94a3,0.3491569390402075,77000,105,7145000,/Users/emilycpweiss/medaka/rawsr/wh4mon_2.fq.gz,whi4sr,ec875fc4,598360000,31,DNA,1000,598360,True,0.8214541095984923,0.9666265765931121,0.8940403430958022,0.9666265765931121,False,3896,6935901,13427448,Bacteria;Proteobacteria;Gammaproteobacteria;Oceanospirillales;Halomonadaceae;Halomonas;Halomonas alkaliphila
79000,0.00013202754194799118,0.03801900950475238,0.00012701383782338392,7.000585666017847e-06,1.236842105263158,1.0,0.4830936776496269,/Users/emilycpweiss/Downloads/genbank-2022.03-bacteria-k31.zip.download/genbank-2022.03-bacteria-k31.zip,"GCA_018408455.1 Lactobacillus helveticus strain=JCM 1004, ASM1840845v1",9099a92f719ae18ef320c9d2a18cfadb,0.03951975987993997,76000,106,7069000,/Users/emilycpweiss/medaka/rawsr/wh4mon_2.fq.gz,whi4sr,ec875fc4,598360000,31,DNA,1000,598360,True,0.7496527636322976,0.9010231408997302,0.8253379522660139,0.9010231408997302,False,94,6935995,13427448,Bacteria;Firmicutes;Bacilli;Lactobacillales;Lactobacillaceae;Lactobacillus;Lactobacillus helveticus
3745000,0.0062587739822180626,0.018076644974692697,0.0001253426031151815,5.123832913000296e-05,9.173333333333334,3.0,14.33910581436498,/Users/emilycpweiss/Downloads/genbank-2022.03-bacteria-k31.zip.download/genbank-2022.03-bacteria-k31.zip,"GCA_014897575.1 Brevibacterium aurantiacum strain=FME45, ASM1489757v1",95bb6872b78587efce33c90f416b237e,0.9026271390696553,75000,107,6994000,/Users/emilycpweiss/medaka/rawsr/wh4mon_2.fq.gz,whi4sr,ec875fc4,598360000,31,DNA,1000,598360,True,0.8490221266047308,0.9967007537269766,0.9228614401658537,0.9967007537269766,False,688,6936683,13427448,Bacteria;Actinobacteria;Actinomycetia;Micrococcales;Brevibacteriaceae;Brevibacterium;Brevibacterium aurantiacum
1014000,0.0016946319941172538,0.006169751542437886,0.00012367136840697908,2.837471424205106e-05,5.148648648648648,2.0,5.832533250637795,/Users/emilycpweiss/Downloads/cheesegenomes-k31-scaled1k/signatures/9f79464142f01eb01ae523816b7f8e87.sig.gz,135B.pilon,9f79464142f01eb01ae523816b7f8e87,0.08454227113556778,74000,108,6920000,/Users/emilycpweiss/medaka/rawsr/wh4mon_2.fq.gz,whi4sr,ec875fc4,598360000,31,DNA,1000,598360,True,0.8139830014425427,0.9233991724138256,0.8686910869281841,0.9233991724138256,False,381,6937064,13427448,Eukaryota;Ascomycota;Saccharomycetes;Saccharomycetales;Debaryomycetaceae;Debaryomyces;Debaryomyces hansenii;135B.pilon
966000,0.0016144127281235378,0.018006593963986812,0.00011865766428237181,0.0006561931947157792,124.09859154929578,36.0,240.48742492552918,/Users/emilycpweiss/Downloads/genbank-2022.03-bacteria-k31.zip.download/genbank-2022.03-bacteria-k31.zip,"GCA_011399095.1 Halomonas hydrothermalis strain=Slthf2, ASM1139909v1",5e42868b746ac2ab7855f45edea543c3,0.24499112351001776,71000,109,6849000,/Users/emilycpweiss/medaka/rawsr/wh4mon_2.fq.gz,whi4sr,ec875fc4,598360000,31,DNA,1000,598360,True,0.812710655710834,0.9556418768440527,0.8841762662774433,0.9556418768440527,False,8811,6945875,13427448,Bacteria;Proteobacteria;Gammaproteobacteria;Oceanospirillales;Halomonadaceae;Halomonas;Halomonas hydrothermalis
246000,0.0004111237382177953,0.01639344262295082,0.0001169864295741694,0.0025064330913811767,480.7857142857143,365.5,507.50557753042455,/Users/emilycpweiss/Downloads/genbank-2022.03-bacteria-k31.zip.download/genbank-2022.03-bacteria-k31.zip,"GCA_003298795.1 Halomonas sulfidaeris strain=SST4, ASM329879v1",9458e97fa66c4b7ce83a154f17461d01,0.05761124121779859,70000,110,6779000,/Users/emilycpweiss/medaka/rawsr/wh4mon_2.fq.gz,whi4sr,ec875fc4,598360000,31,DNA,1000,598360,True,0.7776305396697115,0.9120452006006199,0.8448378701351658,0.9120452006006199,False,33655,6979530,13427448,Bacteria;Proteobacteria;Gammaproteobacteria;Oceanospirillales;Halomonadaceae;Halomonas;Halomonas sulfidaeris
340000,0.0005682198007888227,0.017327975891511804,0.00011531519486596698,5.317466133549726e-05,10.347826086956522,9.0,12.85800499204878,/Users/emilycpweiss/Downloads/genbank-2022.03-bacteria-k31.zip.download/genbank-2022.03-bacteria-k31.zip,"GCA_900169165.1 Brevibacterium linens ATCC 9172 strain=ATCC 9172, Assembly_BLIN9172",542861ba6ee94c401a1f6ad740fcd380,0.08538422903063787,69000,111,6710000,/Users/emilycpweiss/medaka/rawsr/wh4mon_2.fq.gz,whi4sr,ec875fc4,598360000,31,DNA,1000,598360,True,0.7857908717620198,0.9236944020933244,0.854742636927672,0.9236944020933244,False,714,6980244,13427448,Bacteria;Actinobacteria;Actinomycetia;Micrococcales;Brevibacteriaceae;Brevibacterium;Brevibacterium linens;Brevibacterium linens ATCC 9172
96000,0.00016043853198743232,0.00011434701966264266,0.00011364396015776456,2.0108065210902326e-05,3.9705882352941178,1.0,15.095744032318292,/Users/emilycpweiss/Downloads/genbank-2022-3/signatures/3261c17d06e6b49255d90a885bed112b.sig.gz,"GCA_905221605.1 Symbiodinium natans, Snat_CCMP2548",3261c17d06e6b49255d90a885bed112b,0.00016143108658255435,68000,112,6642000,/Users/emilycpweiss/medaka/rawsr/wh4mon_2.fq.gz,whi4sr,ec875fc4,598360000,31,DNA,1000,598360,True,0.7543807584345216,0.7545308574702169,0.7544558079523692,0.7545308574702169,False,270,6980514,13427448,Eukaryota;unassigned;Dinophyceae;Suessiales;Symbiodiniaceae;Symbiodinium;Symbiodinium natans
487000,0.0008138913028945785,0.0134457154324704,0.00011197272544956213,0.0007647767468546518,153.26865671641792,1.0,276.1432454409726,/Users/emilycpweiss/Downloads/genbank-2022.03-bacteria-k31.zip.download/genbank-2022.03-bacteria-k31.zip,"GCA_018310235.1 Halomonas boliviensis strain=kknpp38, ASM1831023v1",1f2e5fcdbbebe39b90d283c5ee8da39f,0.09773228978526992,67000,113,6575000,/Users/emilycpweiss/medaka/rawsr/wh4mon_2.fq.gz,whi4sr,ec875fc4,598360000,31,DNA,1000,598360,True,0.794951900332918,0.9277278262943596,0.8613398633136388,0.9277278262943596,False,10269,6990783,13427448,Bacteria;Proteobacteria;Gammaproteobacteria;Oceanospirillales;Halomonadaceae;Halomonas;Halomonas boliviensis
3919000,0.006549568821445284,0.01601164483260553,0.00011030149074135971,0.0001761317563843852,35.833333333333336,40.0,24.16332265265192,/Users/emilycpweiss/Downloads/genbank-2022.03-bacteria-k31.zip.download/genbank-2022.03-bacteria-k31.zip,"GCA_003335365.1 Brevibacterium aurantiacum strain=876_7, ASM333536v1",a7128dae49db25b116ab6d0562568548,0.9507520621057739,66000,114,6509000,/Users/emilycpweiss/medaka/rawsr/wh4mon_2.fq.gz,whi4sr,ec875fc4,598360000,31,DNA,1000,598360,True,0.8502668528804155,0.998372230667187,0.9243195417738013,0.998372230667187,False,2365,6993148,13427448,Bacteria;Actinobacteria;Actinomycetia;Micrococcales;Brevibacteriaceae;Brevibacterium;Brevibacterium aurantiacum
107000,0.00017882211377765893,0.00047506979871658067,0.0001086302560331573,6.181368194462567e-06,1.2769230769230768,1.0,1.2710709271221445,/Users/emilycpweiss/Downloads/genbank-2022-4/signatures/360d9c6746cff78a7965173397647f0e.sig.gz,"GCA_016946835.1 Neocallimastix sp. JGI-2020a strain=sp3, ASM1694683v1",360d9c6746cff78a7965173397647f0e,0.0007820379763488328,65000,115,6444000,/Users/emilycpweiss/medaka/rawsr/wh4mon_2.fq.gz,whi4sr,ec875fc4,598360000,31,DNA,1000,598360,True,0.75702524436508,0.7939287761259176,0.7754770102454989,0.7939287761259176,False,83,6993231,13427448,Eukaryota;Chytridiomycota;Neocallimastigomycetes;Neocallimastigales;Neocallimastigaceae;Neocallimastix;Neocallimastix sp. JGI-2020a
348000,0.0005815896784544421,0.02492331288343558,0.0001086302560331573,2.494889572463807e-05,5.153846153846154,2.0,6.906475822300666,/Users/emilycpweiss/Downloads/genbank-2022.03-bacteria-k31.zip.download/genbank-2022.03-bacteria-k31.zip,"GCA_001895285.1 Marinilactibacillus sp. 15R strain=15R, ASM189528v1",a098d11c9737de0b6e8cd617ef831a4f,0.1334355828220859,65000,116,6379000,/Users/emilycpweiss/medaka/rawsr/wh4mon_2.fq.gz,whi4sr,ec875fc4,598360000,31,DNA,1000,598360,True,0.7863806100480861,0.9370935673188096,0.8617370886834479,0.9370935673188096,False,335,6993566,13427448,Bacteria;Firmicutes;Bacilli;Lactobacillales;Carnobacteriaceae;Marinilactibacillus;Marinilactibacillus sp. 15R
2588000,0.004325155424827863,0.021878155503197577,0.0001086302560331573,0.000136511420487348,28.2,13.0,69.2194281309029,/Users/emilycpweiss/Downloads/genbank-2022.03-bacteria-k31.zip.download/genbank-2022.03-bacteria-k31.zip,"GCA_003035555.1 Staphylococcus equorum strain=SNUC 3944, ASM303555v1",0b41463f73950e0376f23c770c8a6221,0.8710871760350051,65000,117,6314000,/Users/emilycpweiss/medaka/rawsr/wh4mon_2.fq.gz,whi4sr,ec875fc4,598360000,31,DNA,1000,598360,True,0.8389614216397091,0.9955578562867488,0.9172596389632289,0.9955578562867488,False,1833,6995399,13427448,Bacteria;Firmicutes;Bacilli;Bacillales;Staphylococcaceae;Staphylococcus;Staphylococcus equorum
102000,0.00017046594023664683,0.014784014784014783,0.00010695902132495488,0.000222976100894228,46.78125,5.5,59.369991565078564,/Users/emilycpweiss/Downloads/genbank-2022.03-bacteria-k31.zip.download/genbank-2022.03-bacteria-k31.zip,"GCA_007671675.1 Marinobacter maritimus strain=CK47, ASM767167v1",c1962dcbda5b58aeb621f9ab3d8016f1,0.02356202356202356,64000,118,6250000,/Users/emilycpweiss/medaka/rawsr/wh4mon_2.fq.gz,whi4sr,ec875fc4,598360000,31,DNA,1000,598360,True,0.7558574938170263,0.886116306437717,0.8209869001273716,0.886116306437717,False,2994,6998393,13427448,Bacteria;Proteobacteria;Gammaproteobacteria;Pseudomonadales;Marinobacteraceae;Marinobacter;Marinobacter maritimus
2399000,0.004009292064977605,0.011397058823529411,0.00010361655190855004,5.317466133549726e-05,11.516129032258064,1.0,48.202777973582045,/Users/emilycpweiss/Downloads/genbank-2022.03-bacteria-k31.zip.download/genbank-2022.03-bacteria-k31.zip,"GCA_902506335.1 Halomonas sp. 98, HALO98_assembly",d445769ee5835c160d6035af7ced9468,0.4409926470588235,62000,119,6188000,/Users/emilycpweiss/medaka/rawsr/wh4mon_2.fq.gz,whi4sr,ec875fc4,598360000,31,DNA,1000,598360,True,0.8369116300911896,0.9739351575906092,0.9054233938408994,0.9739351575906092,False,714,6999107,13427448,Bacteria;Proteobacteria;Gammaproteobacteria;Oceanospirillales;Halomonadaceae;Halomonas;Halomonas titanicae
3583000,0.00598803395948927,0.014793605344786447,0.00010361655190855004,2.941735466039414e-05,6.370967741935484,2.5,9.948632376374642,/Users/emilycpweiss/Downloads/genbank-2022.03-bacteria-k31.zip.download/genbank-2022.03-bacteria-k31.zip,"GCA_900169065.1 Brevibacterium aurantiacum strain=ATCC 9175, Assembly_BAUR9175",cec3714b724fee7bc941e328b85c88de,0.8549272250059652,62000,120,6126000,/Users/emilycpweiss/medaka/rawsr/wh4mon_2.fq.gz,whi4sr,ec875fc4,598360000,31,DNA,1000,598360,True,0.8478118687576648,0.994956665994638,0.9213842673761514,0.994956665994638,False,395,6999502,13427448,Bacteria;Actinobacteria;Actinomycetia;Micrococcales;Brevibacteriaceae;Brevibacterium;Brevibacterium aurantiacum
662000,0.001106357376830002,0.01488530990727184,0.00010194531720034761,0.0005446306699530693,119.88524590163935,37.0,235.38020156868188,/Users/emilycpweiss/Downloads/genbank-2022.03-bacteria-k31.zip.download/genbank-2022.03-bacteria-k31.zip,"GCA_002082565.1 Halomonas sp. GT strain=GT, ASM208256v1",bcdd373774c3f650964f863e85339ae3,0.16154221571498292,61000,121,6065000,/Users/emilycpweiss/medaka/rawsr/wh4mon_2.fq.gz,whi4sr,ec875fc4,598360000,31,DNA,1000,598360,True,0.8028636366273875,0.9428895876725236,0.8728766121499556,0.9428895876725236,False,7313,7006815,13427448,Bacteria;Proteobacteria;Gammaproteobacteria;Oceanospirillales;Halomonadaceae;Halomonas;Halomonas sp. GT
314000,0.0005247676983755598,0.014892578125,0.00010194531720034761,0.0014561218185317121,320.5245901639344,5.0,364.2266726469315,/Users/emilycpweiss/Downloads/genbank-2022.03-bacteria-k31.zip.download/genbank-2022.03-bacteria-k31.zip,"GCA_002265845.1 Halomonas boliviensis LC1 strain=LC1, ASM226584v1",414798f5ef8523f7817a70e3b52a6dcc,0.07666015625,61000,122,6004000,/Users/emilycpweiss/medaka/rawsr/wh4mon_2.fq.gz,whi4sr,ec875fc4,598360000,31,DNA,1000,598360,True,0.7837769494670185,0.9204885219344656,0.852132735700742,0.9204885219344656,False,19552,7026367,13427448,Bacteria;Proteobacteria;Gammaproteobacteria;Oceanospirillales;Halomonadaceae;Halomonas;Halomonas boliviensis;Halomonas boliviensis LC1
3369000,0.005630389731933953,0.014870794734275963,0.00010194531720034761,9.905083974259293e-06,2.180327868852459,1.0,3.7482594724524985,/Users/emilycpweiss/Downloads/genbank-2022.03-bacteria-k31.zip.download/genbank-2022.03-bacteria-k31.zip,"GCA_003335265.1 Brachybacterium alimentarium strain=947_11, ASM333526v1",90341151fba8eb235a44ed19b3ca3f48,0.8213066796684544,61000,123,5943000,/Users/emilycpweiss/medaka/rawsr/wh4mon_2.fq.gz,whi4sr,ec875fc4,598360000,31,DNA,1000,598360,True,0.8461292810122696,0.9936698399273751,0.9198995604698224,0.9936698399273751,False,133,7026500,13427448,Bacteria;Actinobacteria;Actinomycetia;Micrococcales;Dermabacteraceae;Brachybacterium;Brachybacterium alimentarium
122000,0.00020389063440069523,0.018535681186283594,0.00010027408249214519,0.00020904940387778825,46.78333333333333,28.5,142.89204452623977,/Users/emilycpweiss/Downloads/genbank-2022.03-bacteria-k31.zip.download/genbank-2022.03-bacteria-k31.zip,"GCA_014861375.1 Psychrobacter sp. FME5 strain=FME5, ASM1486137v1",91406632e99477352daa6889fc11a9fe,0.03768921841210998,60000,124,5883000,/Users/emilycpweiss/medaka/rawsr/wh4mon_2.fq.gz,whi4sr,ec875fc4,598360000,31,DNA,1000,598360,True,0.7602357690234857,0.8996457245395864,0.8299407467815361,0.8996457245395864,False,2807,7029307,13427448,Bacteria;Proteobacteria;Gammaproteobacteria;Moraxellales;Moraxellaceae;Psychrobacter;Psychrobacter sp. FME5
145000,0.0002423290326893509,0.01396780303030303,9.860284778394278e-05,0.00023928597600973765,54.45762711864407,31.0,53.44863589573822,/Users/emilycpweiss/Downloads/genbank-2022.03-bacteria-k31.zip.download/genbank-2022.03-bacteria-k31.zip,"GCA_018069425.1 Marinobacter sp., ASM1806942v1",c43586aeef0446e3831850d8b6c339db,0.03432765151515151,59000,125,5824000,/Users/emilycpweiss/medaka/rawsr/wh4mon_2.fq.gz,whi4sr,ec875fc4,598360000,31,DNA,1000,598360,True,0.7644831502588473,0.8969385964232924,0.8307108733410699,0.8969385964232924,False,3213,7032520,13427448,Bacteria;Proteobacteria;Gammaproteobacteria;Pseudomonadales;Marinobacteraceae;Marinobacter;Marinobacter sp.
465000,0.0007771241393141253,0.013435255964790364,9.693161307574036e-05,2.442757551546653e-05,5.655172413793103,2.0,9.313600963177882,/Users/emilycpweiss/Downloads/genbank-2022.03-bacteria-k31.zip.download/genbank-2022.03-bacteria-k31.zip,"GCA_900105045.1 Brevibacterium sandarakinum strain=DSM 22082, IMG-taxon 2634166182 annotated assembly",40a300234cd058beea383208b2dcda8d,0.10771369006254343,58000,126,5766000,/Users/emilycpweiss/medaka/rawsr/wh4mon_2.fq.gz,whi4sr,ec875fc4,598360000,31,DNA,1000,598360,True,0.793767363832999,0.930642608548978,0.8622049861909884,0.930642608548978,False,328,7032848,13427448,Bacteria;Actinobacteria;Actinomycetia;Micrococcales;Brevibacteriaceae;Brevibacterium;Brevibacterium sandarakinum
318000,0.0005314526372083696,0.013042500562176748,9.693161307574036e-05,0.002452737109836508,567.8275862068965,498.0,1027.2131890657975,/Users/emilycpweiss/Downloads/genbank-2022.03-bacteria-k31.zip.download/genbank-2022.03-bacteria-k31.zip,"GCA_002836035.1 Halomonas sp. MES3-P3E strain=MES3-P3E, ASM283603v1",c4aca8beda3493057160b49dd057d24a,0.07150888239262423,58000,127,5708000,/Users/emilycpweiss/medaka/rawsr/wh4mon_2.fq.gz,whi4sr,ec875fc4,598360000,31,DNA,1000,598360,True,0.7840970586793494,0.9184253673935256,0.8512612130364375,0.9184253673935256,False,32934,7065782,13427448,Bacteria;Proteobacteria;Gammaproteobacteria;Oceanospirillales;Halomonadaceae;Halomonas;Halomonas sp. MES3-P3E
390000,0.0006517815361989438,0.015993265993265993,9.526037836753794e-05,8.966707597750518e-05,21.12280701754386,23.0,11.705554500139677,/Users/emilycpweiss/Downloads/genbank-2022.03-bacteria-k31.zip.download/genbank-2022.03-bacteria-k31.zip,"GCA_003569805.1 Microbacterium halotolerans strain=YIM 70130, ASM356980v1",aa8eff811f4eb88c0e2f4615347bdfc8,0.10942760942760943,57000,128,5651000,/Users/emilycpweiss/medaka/rawsr/wh4mon_2.fq.gz,whi4sr,ec875fc4,598360000,31,DNA,1000,598360,True,0.7892763659349474,0.9311166526997178,0.8601965093173326,0.9311166526997178,False,1204,7066986,13427448,Bacteria;Actinobacteria;Actinomycetia;Micrococcales;Microbacteriaceae;Microbacterium;Microbacterium halotolerans
92000,0.00015375359315462263,0.013778100072516316,9.526037836753794e-05,0.00033133623008631274,78.05263157894737,95.0,52.26532212264232,/Users/emilycpweiss/Downloads/genbank-2022.03-bacteria-k31.zip.download/genbank-2022.03-bacteria-k31.zip,"GCA_018860765.1 Marinobacter salexigens strain=D2M19, ASM1886076v1",10fed2738596184a6e510ad5b61d404d,0.022238336959149143,57000,129,5594000,/Users/emilycpweiss/medaka/rawsr/wh4mon_2.fq.gz,whi4sr,ec875fc4,598360000,31,DNA,1000,598360,True,0.7533457866550192,0.8844651381891279,0.8189054624220735,0.8844651381891279,False,4449,7071435,13427448,Bacteria;Proteobacteria;Gammaproteobacteria;Pseudomonadales;Marinobacteraceae;Marinobacter;Marinobacter salexigens
1670000,0.0027909619626980413,0.02372034956304619,9.526037836753794e-05,0.00017538701322842583,41.31578947368421,2.0,94.30264045246324,/Users/emilycpweiss/Downloads/genbank-2022.03-bacteria-k31.zip.download/genbank-2022.03-bacteria-k31.zip,"GCA_014897375.1 Marinilactibacillus psychrotolerans strain=FME56, ASM1489737v1",d75e7b00b297d2989906ecac18f1e289,0.6949646275488972,57000,130,5537000,/Users/emilycpweiss/medaka/rawsr/wh4mon_2.fq.gz,whi4sr,ec875fc4,598360000,31,DNA,1000,598360,True,0.827189408678778,0.9883301009289478,0.907759754803863,0.9883301009289478,False,2355,7073790,13427448,Bacteria;Firmicutes;Bacilli;Lactobacillales;Carnobacteriaceae;Marinilactibacillus;Marinilactibacillus psychrotolerans
325000,0.0005431512801657865,0.011441647597254004,9.191790895113309e-05,5.7419697324465525e-05,14.018181818181818,5.0,14.572066564730692,/Users/emilycpweiss/Downloads/genbank-2022.03-bacteria-k31.zip.download/genbank-2022.03-bacteria-k31.zip,"GCA_014897705.1 Brachybacterium sp. FME24 strain=FME24, ASM1489770v1",ff60c4edc4e754d73d43d2cc65b286ba,0.06760973580195548,55000,131,5482000,/Users/emilycpweiss/medaka/rawsr/wh4mon_2.fq.gz,whi4sr,ec875fc4,598360000,31,DNA,1000,598360,True,0.7846479867238447,0.9167657134481341,0.8507068500859893,0.9167657134481341,False,771,7074561,13427448,Bacteria;Actinobacteria;Actinomycetia;Micrococcales;Dermabacteraceae;Brachybacterium;Brachybacterium sp. FME24
187000,0.0003125208904338525,0.016630736064059133,9.024667424293068e-05,7.871935158490281e-05,19.574074074074073,12.0,18.053010266939324,/Users/emilycpweiss/Downloads/genbank-2022.03-bacteria-k31.zip.download/genbank-2022.03-bacteria-k31.zip,"GCA_900163815.1 Microbacterium esteraromaticum strain=B Mb 05.01, ASM90016381v1",ab5e1fcb179676a5083a9ab446aa9df7,0.05759162303664921,54000,132,5428000,/Users/emilycpweiss/medaka/rawsr/wh4mon_2.fq.gz,whi4sr,ec875fc4,598360000,31,DNA,1000,598360,True,0.770782032465223,0.9120351803693321,0.8414086064172775,0.9120351803693321,False,1057,7075618,13427448,Bacteria;Actinobacteria;Actinomycetia;Micrococcales;Microbacteriaceae;Microbacterium;Microbacterium esteraromaticum
1045000,0.0017464402700715289,0.010329370493081271,8.857543953472826e-05,0.0007657449129573989,194.0,2.0,301.03481902290133,/Users/emilycpweiss/Downloads/genbank-2022.03-bacteria-k31.zip.download/genbank-2022.03-bacteria-k31.zip,"GCA_013416325.1 Halomonas sp. QX-2 strain=QX-2, ASM1341632v1",5ed633e02a17d03474f820c0056f727e,0.20366400311830052,53000,133,5375000,/Users/emilycpweiss/medaka/rawsr/wh4mon_2.fq.gz,whi4sr,ec875fc4,598360000,31,DNA,1000,598360,True,0.8147741039496904,0.9499634851371753,0.8823687945434329,0.9499634851371753,False,10282,7085900,13427448,Bacteria;Proteobacteria;Gammaproteobacteria;Oceanospirillales;Halomonadaceae;Halomonas;Halomonas sedimenti
1152000,0.0019252623838491877,0.013841734134238705,8.857543953472826e-05,0.0002507550206115116,63.528301886792455,2.0,207.67723540307344,/Users/emilycpweiss/Downloads/genbank-2022.03-bacteria-k31.zip.download/genbank-2022.03-bacteria-k31.zip,"GCA_014897945.1 Halomonas sp. 1M45 strain=1M45, ASM1489794v1",8e2059885119e8486a13ad981c2b3658,0.3008618438234526,53000,134,5322000,/Users/emilycpweiss/medaka/rawsr/wh4mon_2.fq.gz,whi4sr,ec875fc4,598360000,31,DNA,1000,598360,True,0.8173402772999048,0.9619957041392546,0.8896679907195797,0.9619957041392546,False,3367,7089267,13427448,Bacteria;Proteobacteria;Gammaproteobacteria;Oceanospirillales;Halomonadaceae;Halomonas;Halomonas sp. 1M45
3739000,0.0062487465739688485,0.012206797510770704,8.523297011832341e-05,2.6661804983344564e-05,7.019607843137255,3.0,8.416813695656419,/Users/emilycpweiss/Downloads/genbank-2022.03-bacteria-k31.zip.download/genbank-2022.03-bacteria-k31.zip,"GCA_003932935.1 Brevibacterium aurantiacum strain=SMQ-1418, ASM393293v1",486b5e4e9b412cda05b3d88919b53e15,0.8949258018190521,51000,135,5271000,/Users/emilycpweiss/medaka/rawsr/wh4mon_2.fq.gz,whi4sr,ec875fc4,598360000,31,DNA,1000,598360,True,0.8489782135505533,0.9964252926904124,0.9227017531204829,0.9964252926904124,False,358,7089625,13427448,Bacteria;Actinobacteria;Actinomycetia;Micrococcales;Brevibacteriaceae;Brevibacterium;Brevibacterium aurantiacum
